DAY,TIME,COURT,HOME,AWAY,,,,,,
THUR,9:00 AM,1,QC Ballers - 44,Purple Aces 16U - 56,,,,,,
THUR,9:00 AM,2,Colorado Lady Hawks - 78,A PLUS Black - 74,,,,,,
THUR,9:00 AM,3,ISAA 16U - 38,Katy Rebels Goss 2016 - 55,,,,,,
THUR,9:00 AM,4,New England Crusaders Dorsey - 21,North Tartan 15U - 47,,,,,,
THUR,9:00 AM,5,North Tartan 14U Silver - 44,Illinois Defenders 14U Grey - 36,,,,,,
THUR,9:00 AM,6,Indy Gym Rats Tan - 57,Fencor Peeps - 54,,,,,,
THUR,9:00 AM,7,Full Package Daniel - 58,Legends of Wisconsin 15 - 52,,,,,,
THUR,9:00 AM,8,Rockies 15U Black - 30,Illinois Hustle 15U - 28,,,,,,
THUR,9:00 AM,9,Wisconsin Blizzard 15U Moen - ,Michigan Sting 15U,,,,,,
THUR,9:00 AM,10,Illinois Rockets Rufus - 46,Albany Capitals U15 - 53,,,,,,
THUR,9:00 AM,11,Texas United White - 63,New England Crusaders Leary - 45,,,,,,
THUR,9:00 AM,12,Wisconsin Playground Elite U16 - 50,IL Hoops Dreams 16U White - 60,,,,,,
THUR,9:00 AM,13,Illinois Press - 47,Indy Gym Rats Maroon - 50,,,,,,
THUR,9:00 AM,16,Wisconsin Impact Spoo - 47,Lady Runnin' Rebels Blatt White - 35,,,,,,
THUR,9:00 AM,17,MN Comets 11th Elite Peterson - 55,Oklahoma Showcase Jim - 41,,,,,,
THUR,9:00 AM,18,Jersey Cardinals Coyle - 47,BC Denver Golden - 44,,,,,,
THUR,9:00 AM,19,Illinois Defenders 15U Grey - 48,Metro Hoops 15U - 36,,,,,,
THUR,9:00 AM,20,Team Miller Lightning 15U - 56,Hoosier Premier White - 49,,,,,,
THUR,9:00 AM,21,Team Manitoba 15U - 45,CBC 15/16U - 47,,,,,,
THUR,9:00 AM,22,Lady Runnin’ Rebels White McDonough - 69,Cal Stars Flight 2016 - 44,,,,,,
THUR,9:00 AM,23,NO GAME,NO GAME,,,,,,
THUR,9:00 AM,24,Tennessee Extreme - 48,Illinois Hustle 16U - 60,,,,,,
THUR,9:00 AM,25,Lady Runnin’ Rebels Tartaglia Red - 47,MBA Select 16U - 67,,,,,,
THUR,9:00 AM,26,Kingdom Hoops Elite - 52,Alaska Lady Hoops 14 - 26,,,,,,
THUR,9:00 AM,27,So-Minn Fury 2015 - 57,DFW Elite Wonder Girls - 63,,,,,,
THUR,9:00 AM,28,Hoop Ed Elite - 17,New York City Heat White - 54,,,,,,
THUR,9:00 AM,29,Positive Direction 15U - 23,Memphis Lady All Stars - 50,,,,,,
THUR,9:00 AM,30,MN Metro Stars Soule - 56,Team Memphis Elite Burton - 38,,,,,,
THUR,9:00 AM,31,Team Takeover 15U - 59,Team Ontario 15U - 38,,,,,,
THUR,9:00 AM,32,Purple Aces 14U - 42,Blessed Sacrament - 46,,,,,,
THUR,9:00 AM,33,Capitol City Express Petersen - 48,So-Minn Fury 2016 - 51,,,,,,
THUR,9:00 AM,34,Illinois Defenders 17U Black - 54,Team Alberta U17 - 44,,,,,,
THUR,9:00 AM,35,CBC 14U Elite - 54,North Tartan 13U - 71,,,,,,
THUR,9:00 AM,36,New Jersey Panthers 16U White - 54,Colorado Shine Gold - 36,,,,,,
THUR,9:00 AM,37,Valhalla - 51,Wisconsin Impact 2017 Mattson - 44,,,,,,
THUR,9:00 AM,38,Minnesota Fury 2017 Gold - 59,St. Louis Rockets 15U - 55,,,,,,
THUR,9:00 AM,39,Peak Performance Blue - 35,Michigan Fast Break - 45,,,,,,
THUR,9:00 AM,40,NO GAME,NO GAME,,,,,,
THUR,9:00 AM,41,Colorado Elite Red 14U - 29,KW Lightning U13 - 51,,,,,,
THUR,9:00 AM,42,New Jersey Sparks 15U - 28,Midwest Elite 15U Yates - 63,,,,,,
THUR,9:00 AM,43,Austin Elite Black - 48,Bolingbrook Panthers 16U - 49,,,,,,
THUR,9:00 AM,44,BC Denver Stovall - 47,MN Thunderbirds 2017 - 58,,,,,,
THUR,9:00 AM,45,Erie Saints Laird - 33,Greg Grant Basketball Club Fuerst - 39,,,,,,
THUR,9:00 AM,46,Legends of Wisconsin Blue 17 - 39,Team Fury Select U17 - 34,,,,,,
THUR,10:15 AM,1,Kingdom Hoops Elite 16U - 33,Rockford Heat Select - 36,,,,,,
THUR,10:15 AM,2,Lakers Platinum - 39,Full Package Whitefield - 34,,,,,,
THUR,10:15 AM,3,Colorado Elite White - 9,Oklahoma Stars 16 - 46,,,,,,
THUR,10:15 AM,4,United NJ Gallo - 36,So-Minn Fury 2017 - 50,,,,,,
THUR,10:15 AM,5,Wisconsin Impact 2018 Liebl - 30,MN Thunderbirds 2018 - 40,,,,,,
THUR,10:15 AM,6,Midwest Wildcats Devries - 49,Wisconsin Hoops Select Girls Whitish - 68,,,,,,
THUR,10:15 AM,7,AthElite U15 - 44,Purple Aces 15U - 49,,,,,,
THUR,10:15 AM,8,MBA Select 15U - 33,Cincy Shock 15U - 49,,,,,,
THUR,10:15 AM,9,MBA Select 17U - 40,Philadelphia Belles 17U - 47,,,,,,
THUR,10:15 AM,10,MN Metro Stars Reiter - 36,Basketball Results - 34,,,,,,
THUR,10:15 AM,11,Wisconsin Playground Elite U15 - 30,Capitol City Express Cool/Doneth - 49,,,,,,
THUR,10:15 AM,12,Cardinal Junior Elite - 21,Hurricanes Dalles - 57,,,,,,
THUR,10:15 AM,13,Always 100 Elite 2017 - 50,Team Carolina - 48,,,,,,
THUR,10:15 AM,16,ND Pro 15U Blue - 55,HLC 16U - 51,,,,,,
THUR,10:15 AM,17,Wisconsin Impact Averkamp - 22,Full Package Select - 44,,,,,,
THUR,10:15 AM,18,Crossover Premier Platinum - 39,United NJ Carr-Carolina - 56,,,,,,
THUR,10:15 AM,19,Illinois Defenders 16U Black - 50,Minnesota Stars Waters - 41,,,,,,
THUR,10:15 AM,20,Toronto Matrix Elite - 32,Clutch Players Red - 46,,,,,,
THUR,10:15 AM,21,Illinois Elite National - 50,Peak Performance National - 44,,,,,,
THUR,10:15 AM,22,Always 100 Elite Buck - 46,Oklahoma Swarm Team Adidas - 56,,,,,,
THUR,10:15 AM,23,United NJ Osta - White - 53,Colorado Premier U17 National Red - 59,,,,,,
THUR,10:15 AM,24,Nebraska Lasers 16U - 41,Illinois Dream Team - 61,,,,,,
THUR,10:15 AM,25,Wisconsin Blizzard 16U Hawley - 44,Texas United Blue - 62,,,,,,
THUR,10:15 AM,26,DFW Elite Power Puff Girls - 14,North Tartan 14U - 56,,,,,,
THUR,10:15 AM,27,Fencor Strothers - 40,Baltimore Lady Panthers 16U - 59,,,,,,
THUR,10:15 AM,28,Midatlantic Heat 2 - 28,PSPA 16U Select - Coffield - 44,,,,,,
THUR,10:15 AM,29,Comets Shumoski - 62,Houston Lady Roadrunners - 60,,,,,,
THUR,10:15 AM,30,Epiphany Prince Elite 14U - 53,Team Takeover 14U - 60,,,,,,
THUR,10:15 AM,31,Queens Express 15U - 30,Midwest Sports Academy - 33,,,,,,
THUR,10:15 AM,32,Full Package White - 49,O.M.S. - 60,,,,,,
THUR,10:15 AM,33,Arkansas Hawks 16U - 55,Quad City Attack Fr/So- 40,,,,,,
THUR,10:15 AM,34,Team Miller Lightning 16U - 59,Illinois Rage - 61,,,,,,
THUR,10:15 AM,35,New Jersey Sparks 14U - 41,Always 100 Roller - 43,,,,,,
THUR,10:15 AM,36,Seidman Lady Wildcats - 56,Best Choice Indiana - 57,,,,,,
THUR,10:15 AM,37,Rockies 17U Red - 62,IL Lady Lightning Gold - 47,,,,,,
THUR,10:15 AM,38,Cal Stars Nike Flight - 45,Team Fort Worth Elite - 20,,,,,,
THUR,10:15 AM,39,New England Shooting Stars - 38,St. Louis Rockets 17U - 50,,,,,,
THUR,10:15 AM,40,OTCYBC Shot Callers - 25,CT Spirit - 75,,,,,,
THUR,10:15 AM,41,Bolingbrook Panthers 14U - 34,Central Jersey Hawks Martorelli - 44,,,,,,
THUR,10:15 AM,42,Drill for Skill Joyce - 54,Crossover Select - 27,,,,,,
THUR,10:15 AM,43,NY Belles 17U - 47,New Mexico Select - 66,,,,,,
THUR,10:15 AM,44,Lady Runnin’ Rebels Black Cranston - 29,Midwest Elite Weibel - 44,,,,,,
THUR,10:15 AM,45,Cardinal Elite - 53,DSO Elite - 23,,,,,,
THUR,10:15 AM,46,Team Manitoba 16U - 13,Central Florida Elite 2016 - 50,,,,,,
THUR,11:30 AM,1,Bolingbrook Panthers 15U - 30,Lakers Gold U15 Freshman - 48,,,,,,
THUR,11:30 AM,2,NY iEXCEL 15U - 52,East Texas Premier - 10,,,,,,
THUR,11:30 AM,3,Cal Swish Future National - 52,Virginia Diamonds - 51,,,,,,
THUR,11:30 AM,4,Rockford Heat Sophomore,Bulls Elite Silver,,,,,,
THUR,11:30 AM,5,Oshkosh Flight Elite - Levy,Tigers Orange,,,,,,
THUR,11:30 AM,6,Michigan Crossover 2016,Cal Stars Flight 2017,,,,,,
THUR,11:30 AM,7,Always 100 Andrews,Full Package Kahleaf,,,,,,
THUR,11:30 AM,8,Lady Thunder,Torch Showcase,,,,,,
THUR,11:30 AM,9,Central Jersey Hawks,Wisconsin Impact 2017 Nikolic,,,,,,
THUR,11:30 AM,10,Indy Gym Rats Blue - 55,South Texas Hoyas Gray - 44,,,,,,
THUR,11:30 AM,11,NO GAME,NO GAME,,,,,,
THUR,11:30 AM,12,Minnesota Fury 2016 Blue - 40,Team Ontario 16U - 42,,,,,,
THUR,11:30 AM,13,Legends of Wisconsin 16 - 51,Peak Performance Gold - 50,,,,,,
THUR,11:30 AM,16,Kansas Hoopsters ,Hudson Valley Elite Gold John,,,,,,
THUR,11:30 AM,17,Indiana Top Recruit Diamonds Select,IL Hoops Dreams 16U Black,,,,,,
THUR,11:30 AM,18,North Texas Shockers Shields - 43,Metro Hoops 16U - 57,,,,,,
THUR,11:30 AM,19,Wisconsin RAP U15 - 37,Central Illinois Xpress - 49,,,,,,
THUR,11:30 AM,20,A PLUS Purple - 63,Michigan Mystics Donnelley - 38,,,,,,
THUR,11:30 AM,21,Albany Lady Stars Pink - 45,Indy Gym Rats Green - 28,,,,,,
THUR,11:30 AM,22,New Jersey Sparks 16U - 31,805 Basketball - 47,,,,,,
THUR,11:30 AM,23,Boston Showstoppers - 57,Queens Express 16U - 46,,,,,,
THUR,11:30 AM,24,Celtics 16U - 44,Illinois Pizazz 17U Green - 63,,,,,,
THUR,11:30 AM,25,Xpress Hoops - 47,North Texas Shockers 2016 - 54,,,,,,
THUR,11:30 AM,26,AthElite U14 - 38,North Tartan 13U West - 41,,,,,,
THUR,11:30 AM,27,Jersey Cardinals Martinez - 41,Indy Gym Rats Red - 65,,,,,,
THUR,11:30 AM,28,WBA Lady Knicks Fioretti - 68,Philadelphia Belles 2016 - 47,,,,,,
THUR,11:30 AM,29,Pink Panther Hoops,Lady Challengers,,,,,,
THUR,11:30 AM,30,Full Package 8th Black - 53,DFW Elite Glamour Girls - 32,,,,,,
THUR,11:30 AM,31,Rush U14 - 44,HLC 15U - 29,,,,,,
THUR,11:30 AM,32,Illinois Pizazz 14U White - 35,Wisconsin Hoops Select Girls Banasik - 39,,,,,,
THUR,11:30 AM,33,Tigers Black - 43,Advantage Titans - 52,,,,,,
THUR,11:30 AM,34,Lady B.I.G. D.O.G.S. 2016,Lady Vikes,,,,,,
THUR,11:30 AM,35,Indy Gym Rats Gold - 43,Wisconsin Impact 2018 Thompson - 36,,,,,,
THUR,11:30 AM,36,Epiphany Prince Elite 15U -31,Minnesota Fury 2017 Blue - 41,,,,,,
THUR,11:30 AM,37,Colorado Lady Hawks - 40,ISAA 16U - 50,,,,,,
THUR,11:30 AM,38,A PLUS Black - 60,Purple Aces 16U - 42,,,,,,
THUR,11:30 AM,39,QC Ballers - 52,Katy Rebels Goss 2016 - 67,,,,,,
THUR,11:30 AM,40,Minnesota Fury 2015 Gold,Gateway Basketball Club 17U,,,,,,
THUR,11:30 AM,41,IL Hoop Dreams Collins,Oklahoma Stars 14,,,,,,
THUR,11:30 AM,42,Indy Gym Rats Pink,New Jersey Panthers 15U,,,,,,
THUR,11:30 AM,43,Wisconsin Impact Sid,Erie Saints Chuzie,,,,,,
THUR,11:30 AM,44,New Jersey Panthers 16U Blue,Bulls Elite Black,,,,,,
THUR,11:30 AM,45,Minnesota Fury 2016 Gold,5280 Threat 16U,,,,,,
THUR,11:30 AM,46,Baltimore Starz - 53,Team Under Armour - 23,,,,,,
THUR,12:45 PM,1,Wisconsin Blizzard 15U Moen - 44,Illinois Rockets Rufus - 40,,,,,,
THUR,12:45 PM,2,Michigan Sting 15U - 45,Illinois Hustle 15U - 12,,,,,,
THUR,12:45 PM,3,Rockies 15U Black - 24,Albany Capitals U15 - 45,,,,,,
THUR,12:45 PM,4,So-Minn Fury 2015,New Jersey Panthers 16U White,,,,,,
THUR,12:45 PM,5,Colorado Elite Red 14U,Purple Aces 14U,,,,,,
THUR,12:45 PM,6,Midwest Elite 14U Weissmann - 43,Indy Gym Rats Purple -32,,,,,,
THUR,12:45 PM,7,Team Takeover 15U,New Jersey Sparks 15U,,,,,,
THUR,12:45 PM,8,Minnesota Fury 2017 Gold - 45,Peak Performance Blue - 36,,,,,,
THUR,12:45 PM,9,St. Louis Rockets 15U - 67,Wisconsin Impact 2017 Mattson - 59,,,,,,
THUR,12:45 PM,10,Valhalla - 37,Positive Direction - 34,,,,,,
THUR,12:45 PM,11,Lady Runnin’ Rebels White McDonough,NJ Philly Belles Nike 16U,,,,,,
THUR,12:45 PM,12,Cal Stars Flight 2016 - 34,New England Crusaders Leary - 53,,,,,,
THUR,12:45 PM,13,Texas United White - 71,QLD Kangaroos - 42,,,,,,
THUR,12:45 PM,16,Illinois Press - 43,Capitol City Express Petersen - 53,,,,,,
THUR,12:45 PM,17,Indy Gym Rats Maroon,IL Hoops Dreams 16U White,,,,,,
THUR,12:45 PM,18,Wisconsin Playground Elite U16 ,So-Minn Fury 2016,,,,,,
THUR,12:45 PM,19,NO GAME,NO GAME,,,,,,
THUR,12:45 PM,20,Memphis Lady All Stars,Legends of Wisconsin 15,,,,,,
THUR,12:45 PM,21,Full Package Daniel,Michigan Fast Break,,,,,,
THUR,12:45 PM,22,Team Miller Lightning 15U,Team Manitoba 15U,,,,,,
THUR,12:45 PM,23,Hoosier Premier White,Metro Hoops 15U,,,,,,
THUR,12:45 PM,24,Illinois Defenders 15U Grey,CBC 15/16U,,,,,,
THUR,12:45 PM,25,Tennessee Extreme,New York City Heat White,,,,,,
THUR,12:45 PM,26,MN Metro Stars Soule,CBC 14U Elite,open ,,,,,
THUR,12:45 PM,27,Flow 14U,Bulls Elite Crimson,,,,,,
THUR,12:45 PM,28,BC Denver Stovall,Erie Saints Laird,,,,,,
THUR,12:45 PM,29,Team Ontario 15U,North Tartan 15U,,,,,,
THUR,12:45 PM,30,Team Memphis Elite Burton,Alaska Lady Hoops 14,fri 545 41,,,,,
THUR,12:45 PM,31,DFW Elite Wonder Girls,Fencor Peeps,,,,,,
THUR,12:45 PM,32,North Tartan 14U Silver,Blessed Sacrament,,,,,,
THUR,12:45 PM,33,Lady Runnin’ Rebels Tartaglia Red,Hoop Ed Elite,,,,,,
THUR,12:45 PM,34,MBA Select 16U,Illinois Hustle 16U,,,,,,
THUR,12:45 PM,35,Kingdom Hoops Elite ,North Tartan 13U,fri 700 6,,,,,
THUR,12:45 PM,36,IL Hoop Dreams 13U Johnson,Midtown Lady Monarchs,,,,,,
THUR,12:45 PM,37,MN Comets 11th Elite Peterson,Jersey Cardinals Coyle,,,,,,
THUR,12:45 PM,38,Oklahoma Showcase Jim ,Lady Runnin' Rebels Blatt White,,,,,,
THUR,12:45 PM,39,Wisconsin Impact Spoo,BC Denver Golden,,,,,,
THUR,12:45 PM,40,New England Crusaders Dorsey,Midwest Elite 15U Yates,,,,,,
THUR,12:45 PM,41,KW Lightning U13,Illinois Defenders 14U Grey,,,,,,
THUR,12:45 PM,42,Indy Gym Rats Tan,Colorado Shine Gold,,,,,,
THUR,12:45 PM,43,MN Thunderbirds 2017,Bolingbrook Panthers 16U,,,,,,
THUR,12:45 PM,44,Austin Elite Black,Greg Grant Basketball Club Fuerst,,,,,,
THUR,12:45 PM,45,Cal Stars Nike Flight,New England Shooting Stars,,,,,,
THUR,12:45 PM,46,Team Fort Worth Elite,IL Lady Lightning Gold,,,,,,
THUR,2:00 PM,1,Crossover Premier Platinum,Illinois Defenders 16U Black,,,,,,
THUR,2:00 PM,2,ND Pro 15U Blue,Midatlantic Heat 2,,,,,,
THUR,2:00 PM,3,United NJ Carr-Carolina,Full Package Select,,,,,,
THUR,2:00 PM,4,Queens Express 15U,Drill for Skill Joyce,,,,,,
THUR,2:00 PM,5,Bolingbrook Panthers 14U,Full Package White,,,,,,
THUR,2:00 PM,6,Jersey Cardinals Martinez,Epiphany Prince Elite 15U,,,,,,
THUR,2:00 PM,7,MBA Select 17U,Colorado Premier U17 National Red,,,,,,
THUR,2:00 PM,8,Central Jersey Hawks,Indy Gym Rats Blue,,,,,,
THUR,2:00 PM,9,Wisconsin Impact 2017 Nikolic,Torch Showcase,,,,,,
THUR,2:00 PM,10,Lady Thunder,South Texas Hoyas Gray,,,,,,
THUR,2:00 PM,11,Toronto Matrix Elite,Always 100 Elite Buck,,,,,,
THUR,2:00 PM,12,Clutch Players Red,Basketball Results,,,,,,
THUR,2:00 PM,13,Wisconsin Impact Averkamp,Minnesota Stars Waters,,,,,,
THUR,2:00 PM,16,Cardinal Junior Elite,Always 100 Elite 2017,,,,,,
THUR,2:00 PM,17,Hurricanes Dalles,Capitol City Express Cool/Doneth,,,,,,
THUR,2:00 PM,18,Wisconsin Playground Elite U15 ,Team Carolina,,,,,,
THUR,2:00 PM,19,AthElite U15,MBA Select 15U,,,,,,
THUR,2:00 PM,20,Purple Aces 15U,Wisconsin Hoops Select Girls Whitish ,,,,,,
THUR,2:00 PM,21,Midwest Wildcats Devries,Cincy Shock 15U,,,,,,
THUR,2:00 PM,22,MN Metro Stars Reiter,Oklahoma Swarm Team Adidas,,,,,,
THUR,2:00 PM,23,Illinois Elite National,United NJ Osta - White,,,,,,
THUR,2:00 PM,24,Peak Performance National,Philadelphia Belles 17U,,,,,,
THUR,2:00 PM,25,HLC 16U,Rockford Heat Select,,,,,,
THUR,2:00 PM,26,Epiphany Prince Elite 14U,New Jersey Sparks 14U,,,,,,
THUR,2:00 PM,27,Indy Gym Rats Red,Cal Stars Flight 2017,,,,,,
THUR,2:00 PM,28,Wisconsin Blizzard 16U Hawley,Comets Shumoski,,,,,,
THUR,2:00 PM,29,Kingdom Hoops Elite 16U,PSPA 16U Select - Coffield,,,,,,
THUR,2:00 PM,30,Team Takeover 14U,North Tartan 14U,,,,,,
THUR,2:00 PM,31,Midwest Sports Academy,So-Minn Fury 2017,,,,,,
THUR,2:00 PM,32,Wisconsin Impact 2018 Liebl,O.M.S. ,,,,,,
THUR,2:00 PM,33,Team Ontario 16U,Illinois Dream Team,,,,,,
THUR,2:00 PM,34,Nebraska Lasers 16U,Houston Lady Roadrunners,,,,,,
THUR,2:00 PM,35,DFW Elite Power Puff Girls,Always 100 Roller,,,,,,
THUR,2:00 PM,36,Michigan Crossover 2016,Minnesota Fury 2017 Blue,,,,,,
THUR,2:00 PM,37,Colorado Elite White,Fencor Strothers,,,,,,
THUR,2:00 PM,38,Oklahoma Stars 16,Full Package Whitefield,,,,,,
THUR,2:00 PM,39,Lakers Platinum,Baltimore Lady Panthers 16U,,,,,,
THUR,2:00 PM,40,Cardinal Elite,Team Manitoba 16U,,,,,,
THUR,2:00 PM,41,Central Jersey Hawks Martorelli,MN Thunderbirds 2018,,,,,,
THUR,2:00 PM,42,United NJ Gallo,Crossover Select,,,,,,
THUR,2:00 PM,43,DSO Elite,Midwest Elite Weibel,,,,,,
THUR,2:00 PM,44,Lady Runnin’ Rebels Black Cranston,Central Florida Elite 2016,,,,,,
THUR,2:00 PM,45,Rockies 17U Red,St. Louis Rockets 17U,,,,,,
THUR,2:00 PM,46,Legends of Wisconsin Blue 17,OTCYBC Shot Callers,,,,,,
THUR,3:15 PM,1,Team Miller Lightning 16U,Seidman Lady Wildcats,,,,,,
THUR,3:15 PM,2,Illinois Rage,Quad City Attack Fr/So,,,,,,
THUR,3:15 PM,3,Arkansas Hawks 16U,Best Choice Indiana,,,,,,
THUR,3:15 PM,4,Rush U14,Indy Gym Rats Pink,,,,,,
THUR,3:15 PM,5,IL Hoop Dreams Collins,Illinois Pizazz 14U White,,,,,,
THUR,3:15 PM,6,Indy Gym Rats Purple,Bulls Elite Crimson,,,,,,
THUR,3:15 PM,7,Legends of Wisconsin 16,Kansas Hoopsters ,,,,,,
THUR,3:15 PM,8,Peak Performance Gold,Full Package Kahleaf,,,,,,
THUR,3:15 PM,9,Always 100 Andrews,Hudson Valley Elite Gold John,,,,,,
THUR,3:15 PM,10,New Jersey Sparks 16U,Minnesota Fury 2016 Blue,,,,,,
THUR,3:15 PM,11,805 Basketball,Texas United Blue,,,,,,
THUR,3:15 PM,12,North Texas Shockers Shields,Boston Showstoppers,,,,,,
THUR,3:15 PM,13,Metro Hoops 16U,IL Hoops Dreams 16U Black,,,,,,
THUR,3:15 PM,16,Indiana Top Recruit Diamonds Select,Queens Express 16U,,,,,,
THUR,3:15 PM,17,Tigers Black,Lady B.I.G. D.O.G.S. 2016,,,,,,
THUR,3:15 PM,18,Minnesota Fury 2016 Gold,Baltimore Starz,,,,,,
THUR,3:15 PM,19,5280 Threat 16U,Bulls Elite Black,,,,,,
THUR,3:15 PM,20,New Jersey Panthers 16U Blue,Team Under Armour,,,,,,
THUR,3:15 PM,21,NJ Philly Belles Nike 16U,QLD Kangaroos,,,,,,
THUR,3:15 PM,22,A PLUS Purple,Albany Lady Stars Pink,,,,,,
THUR,3:15 PM,23,Michigan Mystics Donnelley ,Central Illinois Xpress,,,,,,
THUR,3:15 PM,24,Wisconsin RAP U15,Indy Gym Rats Green,,,,,,
THUR,3:15 PM,25,NY iEXCEL 15U,Cal Swish Future National,,,,,,
THUR,3:15 PM,26,Full Package 8th Black,Indy Gym Rats Gold,,,,,,
THUR,3:15 PM,27,Midwest Elite 14U Weissmann,IL Hoop Dreams 13U Johnson,,,,,,
THUR,3:15 PM,28,East Texas Premier,Lakers Gold U15 Freshman,,,,,,
THUR,3:15 PM,29,Bolingbrook Panthers 15U,Virginia Diamonds,,,,,,
THUR,3:15 PM,30,DFW Elite Glamour Girls,North Tartan 13U West,,,,,,
THUR,3:15 PM,31,HLC 15U ,Bulls Elite Silver,,,,,,
THUR,3:15 PM,32,Oshkosh Flight Elite - Levy,Wisconsin Hoops Select Girls Banasik,,,,,,
THUR,3:15 PM,33,Xpress Hoops,WBA Lady Knicks Fioretti,,,,,,
THUR,3:15 PM,34,North Texas Shockers 2016,Illinois Pizazz 17U Green,,,,,,
THUR,3:15 PM,35,AthElite U14,Wisconsin Impact 2018 Thompson,,,,,,
THUR,3:15 PM,36,Flow 14U,Midtown Lady Monarchs,,,,,,
THUR,3:15 PM,37,Celtics 16U,Philadelphia Belles 2016,,,,,,
THUR,3:15 PM,38,Advantage Titans,Lady Challengers,,,,,,
THUR,3:15 PM,39,Pink Panther Hoops,Lady Vikes,,,,,,
THUR,3:15 PM,40,Team Fury Select U17,Team Alberta U17,,,,,,
THUR,3:15 PM,41,Oklahoma Stars 14,Tigers Orange,,,,,,
THUR,3:15 PM,42,Rockford Heat Sophomore,New Jersey Panthers 15U,,,,,,
THUR,3:15 PM,43,Illinois Defenders 17U Black,CT Spirit,,,,,,
THUR,3:15 PM,44,Minnesota Fury 2015 Gold,NY Belles 17U,,,,,,
THUR,3:15 PM,45,Gateway Basketball Club 17U,Erie Saints Chuzie,,,,,,
THUR,3:15 PM,46,Wisconsin Impact Sid,New Mexico Select,,,,,,
THUR,4:30 PM,1,ND Pro 15U,Rush U15,,,,,,
THUR,4:30 PM,2,DC Heat 15U,Illinois Rockets Crilly,,,,,,
THUR,4:30 PM,3,Backyard Training Academy,Arizona Team Ladyhawks,,,,,,
THUR,4:30 PM,4,Oshkosh Flight Elite - Levy,Comets Genther,,,,,,
THUR,4:30 PM,5,Illinois Defenders 15U Black,IL Lady Lightning Silver,,,,,,
THUR,4:30 PM,6,Crossover Premier,Team Wisconsin Select Black,,,,,,
THUR,4:30 PM,7,Team Alberta U15,TeamXpress White 15U,,,,,,
THUR,4:30 PM,8,The Way to Win Gold,Rush U17 Red,,,,,,
THUR,4:30 PM,9,EJ Hoops U17 Black,South Texas Hoyas Blue,,,,,,
THUR,4:30 PM,10,The Family 17U,Sting Elite of Massachusetts,,,,,,
THUR,4:30 PM,11,Colorado Hoopsters Blue,Alaska Lady Hoops 15,,,,,,
THUR,4:30 PM,12,PA Running Rebels 16U,Canada Drive 16U,,,,,,
THUR,4:30 PM,13,Positive Direction 16U,CBC 16U ,,,,,,
THUR,4:30 PM,16,Wisconsin Playground Elite U17 ,ISAA 17U,,,,,,
THUR,4:30 PM,17,MN Warriors Elite,Austin Elite RFW,,,,,,
THUR,4:30 PM,18,United NJ Osta - Navy,Colorado Hoopsters Black ,,,,,,
THUR,4:30 PM,19,IL Lady Lightning Bronze,Flow 15U,,,,,,
THUR,4:30 PM,20,Arkansas Hawks 15U,Lakers Purple 15U,,,,,,
THUR,4:30 PM,21,KW Lightning U15,Clutch Players Lava,,,,,,
THUR,4:30 PM,22,Cincy Shock 16U,Lady Meanstreets 16U,,,,,,
THUR,4:30 PM,23,Midwest Wildcats Mellon,Rush U17 White,,,,,,
THUR,4:30 PM,24,Albany Lady Stars 17U Black,Vogues - 16 National - Priester,,,,,,
THUR,4:30 PM,25,Vegas Bulldogs,Charlotte Monarchs,,,,,,
THUR,4:30 PM,26,Illinois Defenders 14U Black,Illinois Wildcat Elite,,,,,,
THUR,4:30 PM,27,KW Lightning Tri-County Juel,Springfield Predators Crum,,,,,,
THUR,4:30 PM,28,Missouri Rockets,Cardinal Crusaders,,,,,,
THUR,4:30 PM,29,Northern Blizzard 16U,NY iExcel 16U,,,,,,
THUR,4:30 PM,30,United NJ Clarke,No Limits,,,,,,
THUR,4:30 PM,31,South Dakota Attack 15U,NY Belles,,,,,,
THUR,4:30 PM,32,Longmont Rush ,Illinois Rockets Stone,,,,,,
THUR,4:30 PM,33,WBA Lady Knicks Blanco,California Storm 17U Elite,,,,,,
THUR,4:30 PM,34,TeamXpress Blue 17U,Purple Aces 17U,,,,,,
THUR,4:30 PM,35,Lakers 8th Grade Elles,5280 Threat Blue,,,,,,
THUR,4:30 PM,36,Bulls Elite Onyx,Canada Drive 17U,,,,,,
THUR,4:30 PM,37,Lakers Black U17,Arkansas Lady Hawks,,,,,,
THUR,4:30 PM,38,FURY 2015 Haney,C-U Elite,,,,,,
THUR,4:30 PM,39,Bolingbrook Panthers 17U,Comets Shields,,,,,,
THUR,4:30 PM,40,Greg Grant Basketball Club Chriss,Team Manitoba 17U,,,,,,
THUR,4:30 PM,41,Albany Capitals Elite,San Diego Sol,,,,,,
THUR,4:30 PM,42,MN Metro Stars Finley ,Oklahoma Swarm 2017 Elite,,,,,,
THUR,4:30 PM,43,Lady Speed 11th,Quad City Attack Black,,,,,,
THUR,4:30 PM,44,EJ Hoops U17 Blue,Minnesota Stars Hofschild,,,,,,
THUR,4:30 PM,45,Germantown Maryland Lady Panthers Lee 16U,Michigan Shock,,,,,,
THUR,4:30 PM,46,CBC 17U Elite,Lady Warriors,This entire group is kind of messed up - you can swap out games to make it work.,,,,,
THUR,5:45 PM,1,Illinois Rockets Ondik,A Game Kendra Seto,,,,,,
THUR,5:45 PM,2,Wisconsin Hoops Select Girls Staples,Minnesota Stars Hersch,,,,,,
THUR,5:45 PM,3,Always 100 Goodwell,Germantown Maryland Lady Panthers Gillespie,,,,,,
THUR,5:45 PM,4,Nebraska Lasers 15U,Hudson Valley Elite White JR,,,,,,
THUR,5:45 PM,5,Columbia Ravens,Quad City Attack Lime,,,,,,
THUR,5:45 PM,6,Wisconsin Blizzard - Magic,M33M Let it Fly,,,,,,
THUR,5:45 PM,7,Columbia Cascades,ND Pro Blue 17U,,,,,,
THUR,5:45 PM,8,Missouri Warriors,Arkansas Hawks 17U Elite,,,,,,
THUR,5:45 PM,9,Full Package 17U Truding,Crossover Premier Elite,,,,,,
THUR,5:45 PM,10,Midatlantic Heat 1,Team Miller Lightning 17U,,,,,,
THUR,5:45 PM,11,A Game TDOT,Havoc City Elite,,,,,,
THUR,5:45 PM,12,Colorado Elite Blue,Wisconsin RAP U17,,,,,,
THUR,5:45 PM,13,Central Jersey Hawks Chambers,TeamXpress Black 17U,,,,,,
THUR,5:45 PM,16,Lady Speed 9/10,Chicago Gauchos,,,,,,
THUR,5:45 PM,17,Portage Swift,Oshkosh Flight Brandl,,,,,,
THUR,5:45 PM,18,Team Alberta U16,Stamford Peace,,,,,,
THUR,5:45 PM,19,St. Louis Warriors,IL Lady Lightning Platinum,,,,,,
THUR,5:45 PM,20,Team Memphis Elite Williams,A Game Ryann Fletcher,,,,,,
THUR,5:45 PM,21,Wisconsin Blizzard 17U Biddick,California Storm Knights,,,,,,
THUR,5:45 PM,22,Nebraska Lasers 17U,West Coast Premier Valley,,,,,,
THUR,5:45 PM,23,Lakers White U17,South Dakota Attack 17U,,,,,,
THUR,5:45 PM,24,Rockies 17U Black,Kingdom Hoops Elite 17U,,,,,,
THUR,5:45 PM,25,Illinois Defenders 17U Grey,Greg Grant Basketball Club Team Canada,,,,,,
THUR,5:45 PM,26,Illinois Rockets Hotwagner,Heart of Illinois 14U,,,,,,
THUR,5:45 PM,27,Legends of Wisconsin Silver 17,Peak Performance Black,,,,,,
THUR,5:45 PM,28,Team Fusion Elect,Comets McNichol,,,,,,
THUR,5:45 PM,29,Lady Meanstreets 17U,Jr. Rams U17,,,,,,
THUR,5:45 PM,30,Metro Hoops 14U,PA Running Rebels 14U,,,,,,
THUR,5:45 PM,31,Primetime Gold,North Tartan 15U Silver,,,,,,
THUR,5:45 PM,32,Team Swish El Paso,Long Islands Renegades Elite,,,,,,
THUR,5:45 PM,33,Hoosier Premier Black,Lady Runnin’ Rebels Wrice,,,,,,
THUR,5:45 PM,34,NSE Lady Titans,Rockford Heat Elite,,,,,,
THUR,5:45 PM,35,ND Pro 14U,Cincy Shock 14U,,,,,,
THUR,5:45 PM,36,CBC 17U Select,Eastern Ohio All Stars,,,,,,
THUR,5:45 PM,37,Kingdom Hoops Red,DC Heat 17U,,,,,,
THUR,5:45 PM,38,Team Wisconsin Select Gray,Drill for Skill Miller,,,,,,
THUR,5:45 PM,39,Michigan Sting Elite,Toronto Triple Threat 17U ,,,,,,
THUR,5:45 PM,40,NY iEXCEL 17U,Tiger Basketball,,,,,,
THUR,5:45 PM,42,Team Wisconsin Select White,Michigan Mystics Ruhstorfer ,,,,,,
THUR,5:45 PM,43,Spokane Sandpipers,Hoosier Premier Red,,,,,,
THUR,5:45 PM,44,Alaska Lady Hoops 17 Elite,DFW Elite Super Girls,,,,,,
THUR,5:45 PM,45,Hudson Valley Elite Blue Reilly,Oklahoma Showcase Elite,,,,,,
THUR,5:45 PM,46,Minnesota Fury 2015 Elite,ECBA Swish Black 17U Elite,,,,,,
THUR,7:00 PM,1,Missouri Rockets,Northern Blizzard 16U,,,,,,
THUR,7:00 PM,2,Cardinal Crusaders,Springfield Predators Crum,,,,,,
THUR,7:00 PM,3,KW Lightning Tri-County Juel,NY iExcel 16U,,,,,,
THUR,7:00 PM,4,South Dakota Attack 15U,MN Metro Stars Finley ,,,,,,
THUR,7:00 PM,5,Albany Lady Stars 17U Black,Vegas Bulldogs,,,,,,
THUR,7:00 PM,7,Vogues - 16 National - Priester,Rush U17 White,,,,,,
THUR,7:00 PM,8,EJ Hoops U17 Black,The Family 17U,,,,,,
THUR,7:00 PM,9,South Texas Hoyas Blue,Rush U17 Red,,,,,,
THUR,7:00 PM,10,The Way to Win Gold,Sting Elite of Massachusetts,,,,,,
THUR,7:00 PM,11,Team Alberta U15,Colorado Hoopsters Blue,,,,,,
THUR,7:00 PM,12,TeamXpress White 15U,IL Lady Lightning Silver,,,,,,
THUR,7:00 PM,13,Illinois Defenders 15U Black,Alaska Lady Hoops 15,,,,,,
THUR,7:00 PM,16,EJ Hoops U17 Blue,Germantown Maryland Lady Panthers Lee 16U,,,,,,
THUR,7:00 PM,17,Minnesota Stars Hofschild,Quad City Attack Black,,,,,,
THUR,7:00 PM,18,Lady Speed 11th,Michigan Shock,,,,,,
THUR,7:00 PM,19,Arkansas Hawks 15U,KW Lightning U15,,,,,,
THUR,7:00 PM,20,Lakers Purple 15U,Flow 15U,,,,,,
THUR,7:00 PM,21,IL Lady Lightning Bronze,Clutch Players Lava,,,,,,
THUR,7:00 PM,22,DC Heat 15U,Backyard Training Academy,,,,,,
THUR,7:00 PM,23,Illinois Rockets Crilly,Rush U15,,,,,,
THUR,7:00 PM,24,ND Pro 15U,Arizona Team Ladyhawks,,,,,,
THUR,7:00 PM,25,Lakers Black U17,FURY 2015 Haney,,,,,,
THUR,7:00 PM,26,United NJ Clarke,Lakers 8th Grade Elles,,,,,,
THUR,7:00 PM,27,Midwest Wildcats Mellon,Charlotte Monarchs,,,,,,
THUR,7:00 PM,28,WBA Lady Knicks Blanco,TeamXpress Blue 17U,,,,,,
THUR,7:00 PM,29,California Storm 17U Elite,Illinois Rockets Stone,,,,,,
THUR,7:00 PM,30,No Limits,Illinois Wildcat Elite,,,,,,
THUR,7:00 PM,31,NY Belles,Comets Genther,,,,,,
THUR,7:00 PM,32,Positive Direction 16U,Cincy Shock 16U,,,,,,
THUR,7:00 PM,33,CBC 16U ,Canada Drive 16U,,,,,,
THUR,7:00 PM,34,PA Running Rebels 16U,Lady Meanstreets 16U,,,,,,
THUR,7:00 PM,35,Illinois Defenders 14U Black,5280 Threat Blue,,,,,,
THUR,7:00 PM,36,Longmont Rush ,Purple Aces 17U,,,,,,
THUR,7:00 PM,37,MN Warriors Elite,United NJ Osta - Navy,,,,,,
THUR,7:00 PM,38,Austin Elite RFW,ISAA 17U,,,,,,
THUR,7:00 PM,39,Wisconsin Playground Elite U17 ,Colorado Hoopsters Black ,,,,,,
THUR,7:00 PM,40,Arkansas Lady Hawks,Canada Drive 17U,,,,,,
THUR,7:00 PM,41,Bulls Elite Onyx,C-U Elite,,,,,,
THUR,7:00 PM,42,Oshkosh Flight Elite - Levy,Oklahoma Swarm 2017 Elite,,,,,,
THUR,7:00 PM,43,Greg Grant Basketball Club Chriss,Albany Capitals Elite,,,,,,
THUR,7:00 PM,44,Team Manitoba 17U,Comets Shields,,,,,,
THUR,7:00 PM,45,Bolingbrook Panthers 17U,San Diego Sol,,,,,,
THUR,7:00 PM,46,Team Wisconsin Select Black,Lady Warriors,,,,,,
THUR,8:15 PM,1,Michigan Sting Elite,NY iEXCEL 17U,,,,,,
THUR,8:15 PM,2,Toronto Triple Threat 17U ,Drill for Skill Miller,,,,,,
THUR,8:15 PM,3,Team Wisconsin Select Gray,Tiger Basketball,,,,,,
THUR,8:15 PM,4,Primetime Gold,Team Wisconsin Select White,,,,,,
THUR,8:15 PM,5,Peak Performance Black,Greg Grant Basketball Club Team Canada,,,,,,
THUR,8:15 PM,6,Oklahoma Showcase Elite,DFW Elite Super Girls,,,,,,
THUR,8:15 PM,7,Wisconsin Blizzard - Magic,Team Swish El Paso,,,,,,
THUR,8:15 PM,8,Colorado Elite Blue,Nebraska Lasers 17U,,,,,,
THUR,8:15 PM,9,Midatlantic Heat 1,A Game TDOT,,,,,,
THUR,8:15 PM,10,Team Miller Lightning 17U,Crossover Premier Elite,,,,,,
THUR,8:15 PM,11,Full Package 17U Truding,Havoc City Elite,,,,,,
THUR,8:15 PM,12,Wisconsin RAP U17,Arkansas Hawks 17U Elite,,,,,,
THUR,8:15 PM,13,Lakers White U17,Rockies 17U Black,,,,,,
THUR,8:15 PM,16,South Dakota Attack 17U,TeamXpress Black 17U,,,,,,
THUR,8:15 PM,17,Central Jersey Hawks Chambers,Kingdom Hoops Elite 17U,,,,,,
THUR,8:15 PM,18,Legends of Wisconsin Silver 17,Team Fusion Elect,,,,,,
THUR,8:15 PM,19,St. Louis Warriors,California Storm Knights,,,,,,
THUR,8:15 PM,20,Team Memphis Elite Williams,Wisconsin Blizzard 17U Biddick,,,,,,
THUR,8:15 PM,21,A Game Ryann Fletcher,IL Lady Lightning Platinum,,,,,,
THUR,8:15 PM,22,Missouri Warriors,West Coast Premier Valley,,,,,,
THUR,8:15 PM,23,Portage Swift,Team Alberta U16,,,,,,
THUR,8:15 PM,24,Oshkosh Flight Brandl,Chicago Gauchos,,,,,,
THUR,8:15 PM,25,Lady Speed 9/10,Stamford Peace,,,,,,
THUR,8:15 PM,26,Metro Hoops 14U,ND Pro 14U,,,,,,
THUR,8:15 PM,27,CBC 17U Elite,Hoosier Premier Red,,,,,,
THUR,8:15 PM,28,Illinois Defenders 17U Grey,Comets McNichol,,,,,,
THUR,8:15 PM,29,M33M Let it Fly,Jr. Rams U17,,,,,,
THUR,8:15 PM,30,PA Running Rebels 14U,Heart of Illinois 14U,,,,,,
THUR,8:15 PM,31,North Tartan 15U Silver,Hudson Valley Elite White JR,,,,,,
THUR,8:15 PM,32,Lady Meanstreets 17U,Long Islands Renegades Elite,,,,,,
THUR,8:15 PM,33,Wisconsin Hoops Select Girls Staples,Always 100 Goodwell,,,,,,
THUR,8:15 PM,34,Minnesota Stars Hersch,A Game Kendra Seto,,,,,,
THUR,8:15 PM,35,Illinois Rockets Hotwagner,Cincy Shock 14U,,,,,,
THUR,8:15 PM,36,Alaska Lady Hoops 17 Elite,ECBA Swish Black 17U Elite,,,,,,
THUR,8:15 PM,37,Illinois Rockets Ondik,Germantown Maryland Lady Panthers Gillespie,,,,,,
THUR,8:15 PM,38,CBC 17U Select,Kingdom Hoops Red,,,,,,
THUR,8:15 PM,39,Eastern Ohio All Stars,Rockford Heat Elite,,,,,,
THUR,8:15 PM,40,NSE Lady Titans,DC Heat 17U,,,,,,
THUR,8:15 PM,41,Hudson Valley Elite Blue Reilly,Minnesota Fury 2015 Elite,,,,,,
THUR,8:15 PM,42,Nebraska Lasers 15U,Michigan Mystics Ruhstorfer ,,,,,,
THUR,8:15 PM,43,Crossover Premier,Spokane Sandpipers,This needs to be an 815 game…,,,,,
THUR,8:15 PM,44,Columbia Cascades,Hoosier Premier Black,,,,,,
THUR,8:15 PM,45,ND Pro Blue 17U,Quad City Attack Lime,,,,,,
THUR,8:15 PM,46,Columbia Ravens,Lady Runnin’ Rebels Wrice,,,,,,
,,,,,,,,,,
FRI,9:00 AM,1,Metro Hoops 16U,Boston Showstoppers,,,,,,
FRI,9:00 AM,2,Indiana Top Recruit Diamonds Select,North Texas Shockers Shields,,,,,,
FRI,9:00 AM,3,IL Hoops Dreams 16U Black,Queens Express 16U,,,,,,
FRI,9:00 AM,4,HLC 15U ,Indy Gym Rats Pink,,,,,,
FRI,9:00 AM,5,Oklahoma Stars 14,Illinois Pizazz 14U White,,,,,,
FRI,9:00 AM,6,Illinois Rage,Seidman Lady Wildcats,,,,,,
FRI,9:00 AM,7,HLC 16U,Midatlantic Heat 2,,,,,,
FRI,9:00 AM,8,Michigan Mystics Donnelley ,Albany Lady Stars Pink,,,,,,
FRI,9:00 AM,9,Wisconsin RAP U15,A PLUS Purple,,,,,,
FRI,9:00 AM,10,Central Illinois Xpress,Indy Gym Rats Green,,,,,,
FRI,9:00 AM,11,805 Basketball,Minnesota Fury 2016 Blue,,,,,,
FRI,9:00 AM,12,Texas United Blue,Team Ontario 16U,,,,,,
FRI,9:00 AM,13,Erie Saints Chuzie,New Mexico Select,,,,,,
FRI,9:00 AM,16,North Texas Shockers 2016,WBA Lady Knicks Fioretti,,Check this time/court carefully..,,,,
FRI,9:00 AM,17,Celtics 16U,Xpress Hoops,,,,,,
FRI,9:00 AM,18,Illinois Pizazz 17U Green,Philadelphia Belles 2016,,,,,,
FRI,9:00 AM,19,East Texas Premier,Cal Swish Future National,,,,,,
FRI,9:00 AM,20,Bolingbrook Panthers 15U,NY iEXCEL 15U,,,,,,
FRI,9:00 AM,21,Lakers Gold U15 Freshman,Virginia Diamonds,,,,,,
FRI,9:00 AM,22,NO GAME,NO GAME,,,,,,
FRI,9:00 AM,23,5280 Threat 16U,Baltimore Starz,,,,,,
FRI,9:00 AM,24,New Jersey Panthers 16U Blue,Minnesota Fury 2016 Gold,,,,,,
FRI,9:00 AM,25,Bulls Elite Black,Team Under Armour,,,,,,
FRI,9:00 AM,26,DFW Elite Glamour Girls,Indy Gym Rats Gold,,,,,,
FRI,9:00 AM,27,Arkansas Hawks 16U,Team Miller Lightning 16U,,,,,,
FRI,9:00 AM,28,Quad City Attack Fr/So,Best Choice Indiana,,,,,,
FRI,9:00 AM,29,Kingdom Hoops Elite 16U,ND Pro 15U Blue,,,,,,
FRI,9:00 AM,30,AthElite U14,Full Package 8th Black,,,,,,
FRI,9:00 AM,31,Rockford Heat Sophomore,Rush U14,,,,,,
FRI,9:00 AM,32,Tigers Orange,Wisconsin Hoops Select Girls Banasik,,,,,,
FRI,9:00 AM,33,Team Fort Worth Elite,New England Shooting Stars,,,,,,
FRI,9:00 AM,34,Rockies 17U Red,Cal Stars Nike Flight,,,,,,
FRI,9:00 AM,35,North Tartan 13U West,Wisconsin Impact 2018 Thompson,,,,,,
FRI,9:00 AM,36,Rockford Heat Select,PSPA 16U Select - Coffield,,,,,,
FRI,9:00 AM,37,Peak Performance Gold,Kansas Hoopsters ,,,,,,
FRI,9:00 AM,38,Always 100 Andrews,Legends of Wisconsin 16,,,,,,
FRI,9:00 AM,39,Full Package Kahleaf,Hudson Valley Elite Gold John,,,,,,
FRI,9:00 AM,40,IL Lady Lightning Gold,St. Louis Rockets 17U,,,,,,
FRI,9:00 AM,41,Oshkosh Flight Elite - Levy,IL Hoop Dreams Collins,,,,,,
FRI,9:00 AM,42,Bulls Elite Silver,New Jersey Panthers 15U,,,,,,
FRI,9:00 AM,43,M33M Let it Fly,Team Swish El Paso,,,,,,
FRI,9:00 AM,44,Peak Performance Black,Team Fusion Elect,,,,,,
FRI,9:00 AM,45,Illinois Defenders 17U Grey,Legends of Wisconsin Silver 17,,,,,,
FRI,9:00 AM,46,Greg Grant Basketball Club Team Canada,Comets McNichol,,,,,,
FRI,10:15 AM,1,Purple Aces 15U,MBA Select 15U,,,,,,
FRI,10:15 AM,2,Midwest Sports Academy,Drill for Skill Joyce,,,,,,
FRI,10:15 AM,3,Lady Warriors,Hoosier Premier Red,,,,,,
FRI,10:15 AM,4,Rockford Heat Elite,DC Heat 17U,,,,,,
FRI,10:15 AM,5,California Storm 17U Elite,TeamXpress Blue 17U,,,,,,
FRI,10:15 AM,6,Longmont Rush ,WBA Lady Knicks Blanco,,,,,,
FRI,10:15 AM,7,Illinois Rockets Stone,Purple Aces 17U,,,,,,
FRI,10:15 AM,8,United NJ Osta - White,Philadelphia Belles 17U,,,,,,
FRI,10:15 AM,9,Cal Stars Flight 2016,NJ Philly Belles Nike 16U,,,,,,
FRI,10:15 AM,10,Texas United White,Lady Runnin’ Rebels White McDonough,,,,,,
FRI,10:15 AM,11,New England Crusaders Leary,QLD Kangaroos,,,,,,
FRI,10:15 AM,12,Colorado Premier U17 National Red,Illinois Elite National,,,,,,
FRI,10:15 AM,16,MN Thunderbirds 2017,Erie Saints Laird,,,,,,
FRI,10:15 AM,17,Austin Elite Black,BC Denver Stovall,,,,,,
FRI,10:15 AM,18,Bolingbrook Panthers 16U,Greg Grant Basketball Club Fuerst,,,,,,
FRI,10:15 AM,19,Pink Panther Hoops,Tigers Black,,,,,,
FRI,10:15 AM,20,A Game TDOT,Crossover Premier Elite,,,,,,
FRI,10:15 AM,21,Havoc City Elite,Midatlantic Heat 1,,,,,,
FRI,10:15 AM,22,Team Miller Lightning 17U,Full Package 17U Truding,,,,,,
FRI,10:15 AM,23,Peak Performance National,MBA Select 17U,,,,,,
FRI,10:15 AM,24,Lady Challengers,Lady Vikes,,,,,,
FRI,10:15 AM,25,ND Pro Blue 17U,Hoosier Premier Black,,,,,,
FRI,10:15 AM,26,PA Running Rebels 14U,ND Pro 14U,,,,,,
FRI,10:15 AM,27,North Tartan 15U Silver,Team Wisconsin Select White,,,,,,
FRI,10:15 AM,28,Nebraska Lasers 15U,Primetime Gold,,,,,,
FRI,10:15 AM,29,Hudson Valley Elite White JR,Michigan Mystics Ruhstorfer ,,,,,,
FRI,10:15 AM,30,Illinois Rockets Hotwagner,Metro Hoops 14U,,,,,,
FRI,10:15 AM,31,Lady Meanstreets 17U,Wisconsin Blizzard - Magic,,,,,,
FRI,10:15 AM,32,Jr. Rams U17,Long Islands Renegades Elite,,,,,,
FRI,10:15 AM,33,Minnesota Stars Hersch,Always 100 Goodwell,,,,,,
FRI,10:15 AM,34,Illinois Rockets Ondik,Wisconsin Hoops Select Girls Staples,,,,,,
FRI,10:15 AM,35,Heart of Illinois 14U,Cincy Shock 14U,,,,,,
FRI,10:15 AM,36,Columbia Ravens,Columbia Cascades,,,,,,
FRI,10:15 AM,37,Quad City Attack Lime,Lady Runnin’ Rebels Wrice,,,,,,
FRI,10:15 AM,38,Eastern Ohio All Stars,Kingdom Hoops Red,,,,,,
FRI,10:15 AM,39,NSE Lady Titans,CBC 17U Select,,,,,,
FRI,10:15 AM,40,Team Wisconsin Select Gray,Michigan Sting Elite,,,,,,
FRI,10:15 AM,41,Gateway Basketball Club 17U,NY Belles 17U,,,,,,
FRI,10:15 AM,42,Wisconsin Impact Sid,Minnesota Fury 2015 Gold,,,,,,
FRI,10:15 AM,44,A Game Kendra Seto,Germantown Maryland Lady Panthers Gillespie,,,,,,
FRI,10:15 AM,45,FURY 2015 Haney,Canada Drive 17U,,,,,,
FRI,10:15 AM,46,Advantage Titans,Lady B.I.G. D.O.G.S. 2016,,,,,,
FRI,11:30 AM,1,CBC 16U ,Cincy Shock 16U,,,,,,
FRI,11:30 AM,2,PA Running Rebels 16U,Positive Direction 16U,,,,,,
FRI,11:30 AM,3,Canada Drive 16U,Lady Meanstreets 16U,,,,,,
FRI,11:30 AM,4,NY Belles,MN Metro Stars Finley ,,,,,,
FRI,11:30 AM,5,Hoosier Premier White,Team Manitoba 15U,,,,,,
FRI,11:30 AM,6,New England Shooting Stars,IL Lady Lightning Gold,,,,,,
FRI,11:30 AM,7,South Dakota Attack 17U,Rockies 17U Black,,,,,,
FRI,11:30 AM,8,South Texas Hoyas Blue,The Family 17U,,,,,,
FRI,11:30 AM,9,The Way to Win Gold,EJ Hoops U17 Black,,,,,,
FRI,11:30 AM,10,Rush U17 Red,Sting Elite of Massachusetts,,,,,,
FRI,11:30 AM,11,Wisconsin RAP U17,Nebraska Lasers 17U,,,,,,
FRI,11:30 AM,12,A PLUS Black,ISAA 16U,,,,,,
FRI,11:30 AM,13,Cardinal Crusaders,Northern Blizzard 16U,,,,,,
FRI,11:30 AM,16,Austin Elite RFW,United NJ Osta - Navy,,,,,,
FRI,11:30 AM,17,Wisconsin Playground Elite U17 ,MN Warriors Elite,,,,,,
FRI,11:30 AM,18,ISAA 17U,Colorado Hoopsters Black ,,,,,,
FRI,11:30 AM,19,KW Lightning Tri-County Juel,Missouri Rockets,,,,,,
FRI,11:30 AM,20,Missouri Warriors,Colorado Elite Blue,,,,,,
FRI,11:30 AM,21,Arkansas Hawks 17U Elite,West Coast Premier Valley,,,,,,
FRI,11:30 AM,22,QC Ballers,Colorado Lady Hawks,,,,,,
FRI,11:30 AM,23,TeamXpress White 15U,Colorado Hoopsters Blue,,,,,,
FRI,11:30 AM,24,Illinois Defenders 15U Black,Team Alberta U15,,,,,,
FRI,11:30 AM,25,IL Lady Lightning Silver,Alaska Lady Hoops 15,,,,,,
FRI,11:30 AM,26,No Limits,Lakers 8th Grade Elles,,,,,,
FRI,11:30 AM,27,Illinois Defenders 15U Grey,Team Miller Lightning 15U,,,,,,
FRI,11:30 AM,28,Springfield Predators Crum,NY iExcel 16U,,,,,,
FRI,11:30 AM,29,Purple Aces 16U,Katy Rebels Goss 2016,,,,,,
FRI,11:30 AM,30,Illinois Defenders 14U Black,United NJ Clarke,,,,,,
FRI,11:30 AM,31,Oshkosh Flight Elite - Levy,South Dakota Attack 15U,,,,,,
FRI,11:30 AM,32,Metro Hoops 15U,CBC 15/16U,,,,,,
FRI,11:30 AM,33,Central Jersey Hawks Chambers,Lakers White U17,,,,,,
FRI,11:30 AM,34,TeamXpress Black 17U,Kingdom Hoops Elite 17U,,,,,,
FRI,11:30 AM,35,Illinois Wildcat Elite,5280 Threat Blue,,,,,,
FRI,11:30 AM,36,Illinois Rockets Crilly,Backyard Training Academy,,,,,,
FRI,11:30 AM,37,ND Pro 15U,DC Heat 15U,,,,,,
FRI,11:30 AM,38,Rush U15,Arizona Team Ladyhawks,,,,,,
FRI,11:30 AM,39,Vogues - 16 National - Priester,Vegas Bulldogs,,,,,,
FRI,11:30 AM,40,Midwest Wildcats Mellon,Albany Lady Stars 17U Black,,,,,,
FRI,11:30 AM,41,Rush U17 White,Charlotte Monarchs,,,,,,
FRI,11:30 AM,42,Comets Genther,Oklahoma Swarm 2017 Elite,,,,,,
FRI,11:30 AM,43,St. Louis Rockets 17U,Cal Stars Nike Flight,,,,,,
FRI,11:30 AM,44,Team Fort Worth Elite,Rockies 17U Red,,,,,,
FRI,11:30 AM,45,Team Wisconsin Select Black,Spokane Sandpipers,,,,,,
FRI,11:30 AM,46,CBC 17U Elite,Crossover Premier,,,,,,
FRI,12:45 PM,1,NY Belles 17U,Erie Saints Chuzie,,,,,,
FRI,12:45 PM,2,Midatlantic Heat 2,Rockford Heat Select,,,,,,
FRI,12:45 PM,3,Advantage Titans,Pink Panther Hoops,,,,,,
FRI,12:45 PM,4,Indy Gym Rats Pink,Bulls Elite Silver,,,,,,
FRI,12:45 PM,5,Illinois Pizazz 14U White,Tigers Orange,,,,,,
FRI,12:45 PM,6,WBA Lady Knicks Fioretti,Illinois Pizazz 17U Green,,,,,,
FRI,12:45 PM,7,Philadelphia Belles 2016,Xpress Hoops,,,,,,
FRI,12:45 PM,8,North Texas Shockers 2016,Celtics 16U,,,,,,
FRI,12:45 PM,9,Minnesota Fury 2016 Blue,Texas United Blue,,,,,,
FRI,12:45 PM,10,Team Ontario 16U,New Jersey Sparks 16U,,,,,,
FRI,12:45 PM,11,805 Basketball,TBD 4,,,,,,
FRI,12:45 PM,12,Baltimore Starz,Bulls Elite Black,,,,,,
FRI,12:45 PM,13,Team Under Armour,Minnesota Fury 2016 Gold,,,,,,
FRI,12:45 PM,16,5280 Threat 16U,New Jersey Panthers 16U Blue,,,,,,
FRI,12:45 PM,17,PSPA 16U Select - Coffield,ND Pro 15U Blue,,,,,,
FRI,12:45 PM,18,Kansas Hoopsters ,Full Package Kahleaf,,,,,,
FRI,12:45 PM,19,Hudson Valley Elite Gold John,Legends of Wisconsin 16,,,,,,
FRI,12:45 PM,20,Peak Performance Gold,Always 100 Andrews,,,,,,
FRI,12:45 PM,21,Lady B.I.G. D.O.G.S. 2016,Lady Challengers,,,,,,
FRI,12:45 PM,22,Lady Vikes,Tigers Black,,,,,,
FRI,12:45 PM,23,Cal Swish Future National,Lakers Gold U15 Freshman,,,,,,
FRI,12:45 PM,24,Virginia Diamonds,NY iEXCEL 15U,,,,,,
FRI,12:45 PM,25,East Texas Premier,Bolingbrook Panthers 15U,,,,,,
FRI,12:45 PM,26,Indy Gym Rats Gold,North Tartan 13U West,,,,,,
FRI,12:45 PM,27,Albany Lady Stars Pink,Central Illinois Xpress,,,,,,
FRI,12:45 PM,28,Indy Gym Rats Green,A PLUS Purple,,,,,,
FRI,12:45 PM,29,Michigan Mystics Donnelley ,Wisconsin RAP U15,,,,,,
FRI,12:45 PM,30,Wisconsin Impact 2018 Thompson,Full Package 8th Black,,,,,,
FRI,12:45 PM,31,New Jersey Panthers 15U,Rush U14,,,,,,
FRI,12:45 PM,32,Oklahoma Stars 14,Oshkosh Flight Elite - Levy,,,,,,
FRI,12:45 PM,33,HLC 16U,Kingdom Hoops Elite 16U,,,,,,
FRI,12:45 PM,34,Team Fusion Elect,Greg Grant Basketball Club Team Canada,,,,,,
FRI,12:45 PM,35,DFW Elite Glamour Girls,AthElite U14,,,,,,
FRI,12:45 PM,36,Boston Showstoppers,IL Hoops Dreams 16U Black,,,,,,
FRI,12:45 PM,37,Queens Express 16U,North Texas Shockers Shields,,,,,,
FRI,12:45 PM,38,Metro Hoops 16U,Indiana Top Recruit Diamonds Select,,,,,,
FRI,12:45 PM,39,Comets McNichol,Legends of Wisconsin Silver 17,,,,,,
FRI,12:45 PM,40,Peak Performance Black,Illinois Defenders 17U Grey,,,,,,
FRI,12:45 PM,41,Wisconsin Hoops Select Girls Banasik,IL Hoop Dreams Collins,,,,,,
FRI,12:45 PM,42,HLC 15U ,Rockford Heat Sophomore,,,,,,
FRI,12:45 PM,43,Team Swish El Paso,Jr. Rams U17,,,,,,
FRI,12:45 PM,44,Seidman Lady Wildcats,Quad City Attack Fr/So,,,,,,
FRI,12:45 PM,45,Best Choice Indiana,Team Miller Lightning 16U,,,,,,
FRI,12:45 PM,46,Illinois Rage,Arkansas Hawks 16U,,,,,,
FRI,2:00 PM,1,New Mexico Select,Minnesota Fury 2015 Gold,,,,,,
FRI,2:00 PM,2,Gateway Basketball Club 17U,Wisconsin Impact Sid,,,,,,
FRI,2:00 PM,3,Kingdom Hoops Red,Rockford Heat Elite,,,,,,
FRI,2:00 PM,4,DC Heat 17U,CBC 17U Select,,,,,,
FRI,2:00 PM,5,Eastern Ohio All Stars,NSE Lady Titans,,,,,,
FRI,2:00 PM,6,Hoosier Premier Black,Quad City Attack Lime,,,,,,
FRI,2:00 PM,7,Arkansas Lady Hawks,FURY 2015 Haney,,,,,,
FRI,2:00 PM,8,Bulls Elite Onyx,Lakers Black U17,,,,,,
FRI,2:00 PM,9,Peak Performance National,United NJ Osta - White,,,,,,
FRI,2:00 PM,10,Cal Stars Flight 2016,Texas United White,,,,,,
FRI,2:00 PM,11,NJ Philly Belles Nike 16U,New England Crusaders Leary,,,,,,
FRI,2:00 PM,12,MBA Select 17U,Illinois Elite National,,,,,,
FRI,2:00 PM,13,Erie Saints Laird,Bolingbrook Panthers 16U,,,,,,
FRI,2:00 PM,16,Rockies 17U Black,TeamXpress Black 17U,,,,,,
FRI,2:00 PM,17,Kingdom Hoops Elite 17U,Lakers White U17,,,,,,
FRI,2:00 PM,18,South Dakota Attack 17U,Central Jersey Hawks Chambers,,,,,,
FRI,2:00 PM,19,Greg Grant Basketball Club Fuerst,BC Denver Stovall,,,,,,
FRI,2:00 PM,20,Philadelphia Belles 17U,Colorado Premier U17 National Red,,,,,,
FRI,2:00 PM,21,MN Thunderbirds 2017,Austin Elite Black,,,,,,
FRI,2:00 PM,22,QLD Kangaroos,Lady Runnin’ Rebels White McDonough,,,,,,
FRI,2:00 PM,23,Team Miller Lightning 17U,A Game TDOT,,,,,,
FRI,2:00 PM,24,Full Package 17U Truding,Midatlantic Heat 1,,,,,,
FRI,2:00 PM,25,Crossover Premier Elite,Havoc City Elite,,,,,,
FRI,2:00 PM,26,ND Pro 14U,Heart of Illinois 14U,,,,,,
FRI,2:00 PM,27,TeamXpress Blue 17U,Illinois Rockets Stone,,,,,,
FRI,2:00 PM,28,Purple Aces 17U,WBA Lady Knicks Blanco,,,,,,
FRI,2:00 PM,29,California Storm 17U Elite,Longmont Rush ,,,,,,
FRI,2:00 PM,30,Cincy Shock 14U,Metro Hoops 14U,,,,,,
FRI,2:00 PM,31,Canada Drive 17U,C-U Elite,,,,,,
FRI,2:00 PM,32,M33M Let it Fly,Lady Meanstreets 17U,,,,,,
FRI,2:00 PM,33,Always 100 Goodwell,A Game Kendra Seto,,,,,,
FRI,2:00 PM,34,Sting Elite of Massachusetts,EJ Hoops U17 Black,,,,,,
FRI,2:00 PM,35,PA Running Rebels 14U,Illinois Rockets Hotwagner,,,,,,
FRI,2:00 PM,36,Minnesota Stars Hersch,Illinois Rockets Ondik,,,,,,
FRI,2:00 PM,37,Lady Runnin’ Rebels Wrice,Columbia Cascades,,,,,,
FRI,2:00 PM,38,ND Pro Blue 17U,Columbia Ravens,,,,,,
FRI,2:00 PM,39,Long Islands Renegades Elite,Wisconsin Blizzard - Magic,,,,,,
FRI,2:00 PM,40,Germantown Maryland Lady Panthers Gillespie,Wisconsin Hoops Select Girls Staples,,,,,,
FRI,2:00 PM,41,Team Wisconsin Select White,Hudson Valley Elite White JR,,,,,,
FRI,2:00 PM,42,Michigan Mystics Ruhstorfer ,Primetime Gold,,,,,,
FRI,2:00 PM,43,North Tartan 15U Silver,Nebraska Lasers 15U,,,,,,
FRI,2:00 PM,44,NY iEXCEL 17U,Drill for Skill Miller,,,,,,
FRI,2:00 PM,45,Tiger Basketball,Michigan Sting Elite,,,,,,
FRI,2:00 PM,46,Toronto Triple Threat 17U ,Team Wisconsin Select Gray,,,,,,
FRI,3:15 PM,1,Minnesota Fury 2015 Elite,DFW Elite Super Girls,,,,,,
FRI,3:15 PM,2,ECBA Swish Black 17U Elite,Hudson Valley Elite Blue Reilly,,,,,,
FRI,3:15 PM,3,Oklahoma Showcase Elite,Alaska Lady Hoops 17 Elite,,,,,,
FRI,3:15 PM,4,MN Metro Stars Finley ,Comets Genther,,,,,,
FRI,3:15 PM,5,Team Manitoba 15U,Metro Hoops 15U,,,,,,
FRI,3:15 PM,6,Indy Gym Rats Purple,IL Hoop Dreams 13U Johnson,,,,,,
FRI,3:15 PM,7,Vegas Bulldogs,Rush U17 White,,,,,,
FRI,3:15 PM,8,South Texas Hoyas Blue,The Way to Win Gold,,,,,,
FRI,3:15 PM,9,Nebraska Lasers 17U,Arkansas Hawks 17U Elite,These games are in conflict times/courts but you can't move these ones - please find the other two and change them.,,,,,
FRI,3:15 PM,10,West Coast Premier Valley,Colorado Elite Blue,,,,,,
FRI,3:15 PM,11,Wisconsin RAP U17,Missouri Warriors,,,,,,
FRI,3:15 PM,12,ISAA 16U,Purple Aces 16U,,,,,,
FRI,3:15 PM,13,Katy Rebels Goss 2016,Colorado Lady Hawks,,,,,,
FRI,3:15 PM,16,Backyard Training Academy,Rush U15,,,,,,
FRI,3:15 PM,17,Arizona Team Ladyhawks,DC Heat 15U,,,,,,
FRI,3:15 PM,18,Illinois Rockets Crilly,ND Pro 15U,,,,,,
FRI,3:15 PM,19,A PLUS Black,QC Ballers,,,,,,
FRI,3:15 PM,20,DSO Elite,Team Manitoba 16U,,,,,,
FRI,3:15 PM,21,Lady Runnin’ Rebels Black Cranston,Cardinal Elite,,,,,,
FRI,3:15 PM,22,Midwest Elite Weibel,Central Florida Elite 2016,,,,,,
FRI,3:15 PM,23,Cincy Shock 16U,Canada Drive 16U,,,,,,
FRI,3:15 PM,24,Lady Meanstreets 16U,Positive Direction 16U,,,,,,
FRI,3:15 PM,25,CBC 16U ,PA Running Rebels 16U,,,,,,
FRI,3:15 PM,26,Lakers 8th Grade Elles,Illinois Wildcat Elite,,,,,,
FRI,3:15 PM,27,Flow 14U,Midwest Elite 14U Weissmann,,,,,,
FRI,3:15 PM,28,Colorado Hoopsters Blue,IL Lady Lightning Silver,,,,,,
FRI,3:15 PM,29,Alaska Lady Hoops 15,Team Alberta U15,,,,,,
FRI,3:15 PM,30,5280 Threat Blue,United NJ Clarke,,,,,,
FRI,3:15 PM,31,Oklahoma Swarm 2017 Elite,South Dakota Attack 15U,,,,,,
FRI,3:15 PM,32,CBC 15/16U,Team Miller Lightning 15U,,,,,,
FRI,3:15 PM,33,TeamXpress White 15U,Illinois Defenders 15U Black,,,,,,
FRI,3:15 PM,34,Vogues - 16 National - Priester,Midwest Wildcats Mellon,,,,,,
FRI,3:15 PM,35,No Limits,Illinois Defenders 14U Black,,,,,,
FRI,3:15 PM,36,Bulls Elite Crimson,Midtown Lady Monarchs,,,,,,
FRI,3:15 PM,37,United NJ Osta - Navy,ISAA 17U,,,,,,
FRI,3:15 PM,38,Colorado Hoopsters Black ,MN Warriors Elite,,,,,,
FRI,3:15 PM,39,Austin Elite RFW,Wisconsin Playground Elite U17 ,,,,,,
FRI,3:15 PM,40,Charlotte Monarchs,Albany Lady Stars 17U Black,,,,,,
FRI,3:15 PM,41,Hoosier Premier White,Illinois Defenders 15U Grey,,,,,,
FRI,3:15 PM,42,Northern Blizzard 16U,Springfield Predators Crum,,,,,,
FRI,3:15 PM,43,NY iExcel 16U,Missouri Rockets,,,,,,
FRI,3:15 PM,44,Cardinal Crusaders,KW Lightning Tri-County Juel,,,,,,
FRI,3:15 PM,45,Team Manitoba 17U,Albany Capitals Elite,,,,,,
FRI,3:15 PM,46,Comets Shields,San Diego Sol,,,,,,
FRI,4:30 PM,1,MBA Select 16U,Hoop Ed Elite,,,,,,
FRI,4:30 PM,2,Tennessee Extreme,Lady Runnin’ Rebels Tartaglia Red,,,,,,
FRI,4:30 PM,3,Illinois Hustle 16U,New York City Heat White,,,,,,
FRI,4:30 PM,4,Team Ontario 15U,New Jersey Sparks 15U,,,,,,
FRI,4:30 PM,5,KW Lightning U13,Purple Aces 14U,,,,,,
FRI,4:30 PM,6,DFW Elite Wonder Girls,New Jersey Panthers 16U White,,,,,,
FRI,4:30 PM,7,Hoosier Premier Red,Crossover Premier,,,,,,
FRI,4:30 PM,8,Wisconsin Impact 2017 Nikolic,Indy Gym Rats Blue,,,,,,
FRI,4:30 PM,9,Lady Thunder,Central Jersey Hawks,,,,,,
FRI,4:30 PM,10,Torch Showcase,South Texas Hoyas Gray,,,,,,
FRI,4:30 PM,11,Clutch Players Red,Always 100 Elite Buck,,,,,,
FRI,4:30 PM,12,MN Metro Stars Reiter,Toronto Matrix Elite,,,,,,
FRI,4:30 PM,13,Basketball Results,Oklahoma Swarm Team Adidas,,,,,,
FRI,4:30 PM,16,Oklahoma Showcase Jim ,Jersey Cardinals Coyle,,,,,,
FRI,4:30 PM,17,Wisconsin Impact Spoo,MN Comets 11th Elite Peterson,,,,,,
FRI,4:30 PM,18,Lady Runnin' Rebels Blatt White,BC Denver Golden,,,,,,
FRI,4:30 PM,19,St. Louis Rockets 15U,Peak Performance Blue,,,,,,
FRI,4:30 PM,20,Valhalla,Minnesota Fury 2017 Gold,,,,,,
FRI,4:30 PM,21,Wisconsin Impact 2017 Mattson,Memphis Lady All Stars,,,,,,
FRI,4:30 PM,22,Michigan Sting 15U,Illinois Rockets Rufus,,,,,,
FRI,4:30 PM,23,Rockies 15U Black,Wisconsin Blizzard 15U Moen,,,,,,
FRI,4:30 PM,24,Illinois Hustle 15U,Albany Capitals U15,,,,,,
FRI,4:30 PM,25,Oshkosh Flight Brandl,Team Alberta U16,,,,,,
FRI,4:30 PM,26,Team Memphis Elite Burton,CBC 14U Elite,,,,,,
FRI,4:30 PM,27,Indy Gym Rats Tan,So-Minn Fury 2015,,,,,,
FRI,4:30 PM,28,Lady Speed 9/10,Portage Swift,,,,,,
FRI,4:30 PM,29,United NJ Gallo,Queens Express 15U,,,,,,
FRI,4:30 PM,30,Kingdom Hoops Elite ,MN Metro Stars Soule,,,,,,
FRI,4:30 PM,31,New England Crusaders Dorsey,Team Takeover 15U,,,,,,
FRI,4:30 PM,32,Illinois Defenders 14U Grey,Blessed Sacrament,,,,,,
FRI,4:30 PM,33,Chicago Gauchos,Stamford Peace,,,,,,
FRI,4:30 PM,34,The Family 17U,Rush U17 Red,,,,,,
FRI,4:30 PM,35,Alaska Lady Hoops 14,North Tartan 13U,,,,,,
FRI,4:30 PM,36,Fencor Peeps,Colorado Shine Gold,,,,,,
FRI,4:30 PM,37,NO GAME,NO GAME,,,,,,
FRI,4:30 PM,38,Full Package Daniel,Positive Direction 15U,,,,,,
FRI,4:30 PM,39,Legends of Wisconsin 15,Michigan Fast Break,,,,,,
FRI,4:30 PM,40,So-Minn Fury 2017,Crossover Select,,,,,,
FRI,4:30 PM,41,North Tartan 14U Silver,Colorado Elite Red 14U,,,,,,
FRI,4:30 PM,42,North Tartan 15U,Midwest Elite 15U Yates,,,,,,
FRI,4:30 PM,43,A Game Ryann Fletcher,Wisconsin Blizzard 17U Biddick,,,,,,
FRI,4:30 PM,44,IL Lady Lightning Platinum,California Storm Knights,,,,,,
FRI,4:30 PM,45,St. Louis Warriors,Team Memphis Elite Williams,,,,,,
FRI,4:30 PM,46,Bolingbrook Panthers 17U,Greg Grant Basketball Club Chriss,,,,,,
FRI,5:45 PM,1,Minnesota Stars Hofschild,Germantown Maryland Lady Panthers Lee 16U,,,,,,
FRI,5:45 PM,2,Lady Speed 11th,EJ Hoops U17 Blue,,,,,,
FRI,5:45 PM,3,Quad City Attack Black,Michigan Shock,,,,,,
FRI,5:45 PM,4,Team Fury Select U17,OTCYBC Shot Callers,,,,,,
FRI,5:45 PM,5,Central Jersey Hawks Martorelli,Full Package White,,,,,,
FRI,5:45 PM,6,Indy Gym Rats Red,Epiphany Prince Elite 15U,,,,,,
FRI,5:45 PM,7,Midwest Wildcats Devries,AthElite U15,,,,,,
FRI,5:45 PM,8,Wisconsin Hoops Select Girls Whitish ,Cincy Shock 15U,,,,,,
FRI,5:45 PM,9,Hurricanes Dalles,Always 100 Elite 2017,,,,,,
FRI,5:45 PM,10,Wisconsin Playground Elite U15 ,Cardinal Junior Elite,,,,,,
FRI,5:45 PM,11,Capitol City Express Cool/Doneth,Team Carolina,,,,,,
FRI,5:45 PM,12,Oklahoma Stars 16,Fencor Strothers,,,,,,
FRI,5:45 PM,13,Lakers Platinum,Colorado Elite White,,,,,,
FRI,5:45 PM,16,New Jersey Sparks 16U,Comets Shumoski,,,,,,
FRI,5:45 PM,17,Nebraska Lasers 16U,Wisconsin Blizzard 16U Hawley,,,,,,
FRI,5:45 PM,18,Illinois Dream Team,Houston Lady Roadrunners,,,,,,
FRI,5:45 PM,19,Full Package Whitefield,Baltimore Lady Panthers 16U,,,,,,
FRI,5:45 PM,20,Indy Gym Rats Maroon,Capitol City Express Petersen,,,,,,
FRI,5:45 PM,21,Wisconsin Playground Elite U16 ,Illinois Press,,,,,,
FRI,5:45 PM,22,IL Hoops Dreams 16U White,So-Minn Fury 2016,,,,,,
FRI,5:45 PM,23,United NJ Carr-Carolina,Illinois Defenders 16U Black,,,,,,
FRI,5:45 PM,24,Wisconsin Impact Averkamp,Crossover Premier Platinum,,,,,,
FRI,5:45 PM,25,Full Package Select,Minnesota Stars Waters,,,,,,
FRI,5:45 PM,26,Team Takeover 14U,New Jersey Sparks 14U,,,,,,
FRI,5:45 PM,27,Michigan Crossover 2016,Jersey Cardinals Martinez,,,,,,
FRI,5:45 PM,28,C-U Elite,Lakers Black U17,,,,,,
FRI,5:45 PM,29,Arkansas Lady Hawks,Bulls Elite Onyx,,,,,,
FRI,5:45 PM,30,DFW Elite Power Puff Girls,Epiphany Prince Elite 14U,,,,,,
FRI,5:45 PM,31,Toronto Triple Threat 17U ,NY iEXCEL 17U,,,,,,
FRI,5:45 PM,32,MN Thunderbirds 2018,O.M.S. ,,,,,,
FRI,5:45 PM,33,Illinois Defenders 17U Black,Legends of Wisconsin Blue 17,,,,,,
FRI,5:45 PM,34,Team Alberta U17,CT Spirit,,,,,,
FRI,5:45 PM,35,North Tartan 14U,Always 100 Roller,,,,,,
FRI,5:45 PM,36,Cal Stars Flight 2017,Minnesota Fury 2017 Blue,,,,,,
FRI,5:45 PM,37,Drill for Skill Miller,Tiger Basketball,,,,,,
FRI,5:45 PM,38,Oklahoma Showcase Elite,Minnesota Fury 2015 Elite,,,,,,
FRI,5:45 PM,39,Alaska Lady Hoops 17 Elite,Hudson Valley Elite Blue Reilly,,,,,,
FRI,5:45 PM,40,DFW Elite Super Girls,ECBA Swish Black 17U Elite,,,,,,
FRI,5:45 PM,41,Wisconsin Impact 2018 Liebl,Bolingbrook Panthers 14U,,,,,,
FRI,5:45 PM,42,Spokane Sandpipers,Lady Warriors,,,,,,
FRI,5:45 PM,43,Lakers Purple 15U,KW Lightning U15,,,,,,
FRI,5:45 PM,44,IL Lady Lightning Bronze,Arkansas Hawks 15U,,,,,,
FRI,5:45 PM,45,Flow 15U,Clutch Players Lava,,,,,,
FRI,5:45 PM,46,Team Wisconsin Select Black,CBC 17U Elite,,,,,,
FRI,7:00 PM,1,Team Alberta U16,Chicago Gauchos,,,,,,
FRI,7:00 PM,2,Stamford Peace,Portage Swift,,,,,,
FRI,7:00 PM,3,Oshkosh Flight Brandl,Lady Speed 9/10,,,,,,
FRI,7:00 PM,4,New Jersey Panthers 16U White,Fencor Peeps,,,,,,
FRI,7:00 PM,5,Purple Aces 14U,Illinois Defenders 14U Grey,,,,,,
FRI,7:00 PM,6,Indy Gym Rats Purple,Flow 14U,,,,,,
FRI,7:00 PM,7,New Jersey Sparks 15U,North Tartan 15U,,,,,,
FRI,7:00 PM,8,Illinois Rockets Rufus,Illinois Hustle 15U,,,,,,
FRI,7:00 PM,9,Albany Capitals U15,Wisconsin Blizzard 15U Moen,,,,,,
FRI,7:00 PM,10,Michigan Sting 15U Elite,Rockies 15U Black,,,,,,
FRI,7:00 PM,11,NO GAME,NO GAME,,,,,,
FRI,7:00 PM,12,Michigan Fast Break,Positive Direction 15U,,,,,,
FRI,7:00 PM,13,Memphis Lady All Stars,Full Package Daniel,,,,,,
FRI,7:00 PM,16,Drill for Skill Joyce,So-Minn Fury 2017,,,,,,
FRI,7:00 PM,17,Crossover Select,Queens Express 15U,,,,,,
FRI,7:00 PM,18,Midwest Sports Academy,United NJ Gallo,,,,,,
FRI,7:00 PM,19,Hoop Ed Elite,Illinois Hustle 16U,,,,,,
FRI,7:00 PM,20,Always 100 Elite Buck,Basketball Results,,,,,,
FRI,7:00 PM,21,Oklahoma Swarm Team Adidas,Toronto Matrix Elite,,,,,,
FRI,7:00 PM,22,Clutch Players Red,MN Metro Stars Reiter,,,,,,
FRI,7:00 PM,23,Peak Performance Blue,Wisconsin Impact 2017 Mattson,,,,,,
FRI,7:00 PM,24,Legends of Wisconsin 15,Minnesota Fury 2017 Gold,,,,,,
FRI,7:00 PM,25,St. Louis Rockets 15U,Valhalla,,,,,,
FRI,7:00 PM,26,CBC 14U Elite,Alaska Lady Hoops 14,,,,,,
FRI,7:00 PM,27,IL Hoop Dreams 13U Johnson,Bulls Elite Crimson,,,,,,
FRI,7:00 PM,28,New York City Heat White,Lady Runnin’ Rebels Tartaglia Red,,,,,,
FRI,7:00 PM,29,Midwest Elite 15U Yates,Team Takeover 15U,,,,,,
FRI,7:00 PM,30,North Tartan 13U,MN Metro Stars Soule,,,,,,
FRI,7:00 PM,31,Colorado Shine Gold,So-Minn Fury 2015,,,,,,
FRI,7:00 PM,32,KW Lightning U13,North Tartan 14U Silver,,,,,,
FRI,7:00 PM,33,MBA Select 16U,Tennessee Extreme,,,,,,
FRI,7:00 PM,34,Albany Capitals Elite,Comets Shields,,,,,,
FRI,7:00 PM,35,Team Memphis Elite Burton,Kingdom Hoops Elite ,,,,,,
FRI,7:00 PM,36,Midtown Lady Monarchs,Midwest Elite 14U Weissmann,,,,,,
FRI,7:00 PM,37,Jersey Cardinals Coyle,Lady Runnin' Rebels Blatt White,,,,,,
FRI,7:00 PM,38,BC Denver Golden,MN Comets 11th Elite Peterson,,,,,,
FRI,7:00 PM,39,Oklahoma Showcase Jim ,Wisconsin Impact Spoo,,,,,,
FRI,7:00 PM,40,Team Ontario 15U,New England Crusaders Dorsey,,,,,,
FRI,7:00 PM,41,Blessed Sacrament,Colorado Elite Red 14U,,,,,,
FRI,7:00 PM,42,Team Manitoba 17U,Bolingbrook Panthers 17U,,,,,,
FRI,7:00 PM,43,A Game Ryann Fletcher,St. Louis Warriors,,,,,,
FRI,7:00 PM,44,California Storm Knights,Team Memphis Elite Williams,,,,,,
FRI,7:00 PM,45,Wisconsin Blizzard 17U Biddick,IL Lady Lightning Platinum,,,,,,
FRI,7:00 PM,46,San Diego Sol,Greg Grant Basketball Club Chriss,,,,,,
FRI,8:15 PM,1,OTCYBC Shot Callers,Team Alberta U17,,,,,,
FRI,8:15 PM,2,CT Spirit,Legends of Wisconsin Blue 17,,,,,,
FRI,8:15 PM,3,Team Fury Select U17,Illinois Defenders 17U Black,,,,,,
FRI,8:15 PM,4,Indy Gym Rats Red,Michigan Crossover 2016,,,,,,
FRI,8:15 PM,5,Full Package White,MN Thunderbirds 2018,,Check closely when you proof to make sure these aren't duplicate times/courts,,,,
FRI,8:15 PM,6,Epiphany Prince Elite 15U,Cal Stars Flight 2017,,,,,,
FRI,8:15 PM,7,Team Manitoba 16U,Midwest Elite Weibel,,,,,,
FRI,8:15 PM,8,Indy Gym Rats Blue,Torch Showcase,,,,,,
FRI,8:15 PM,9,South Texas Hoyas Gray,Central Jersey Hawks,,,,,,
FRI,8:15 PM,10,Wisconsin Impact 2017 Nikolic,Lady Thunder,,,,,,
FRI,8:15 PM,11,Always 100 Elite 2017,Capitol City Express Cool/Doneth,,,,,,
FRI,8:15 PM,12,Team Carolina,Cardinal Junior Elite,,,,,,
FRI,8:15 PM,13,Hurricanes Dalles,Wisconsin Playground Elite U15 ,,,,,,
FRI,8:15 PM,16,MBA Select 15U,Wisconsin Hoops Select Girls Whitish ,,,,,,
FRI,8:15 PM,17,Cincy Shock 15U,AthElite U15,,,,,,
FRI,8:15 PM,18,Purple Aces 15U,Midwest Wildcats Devries,,,,,,
FRI,8:15 PM,19,Central Florida Elite 2016,Cardinal Elite,,,,,,
FRI,8:15 PM,20,Comets Shumoski,Illinois Dream Team,,,,,,
FRI,8:15 PM,21,Houston Lady Roadrunners,Wisconsin Blizzard 16U Hawley,,,,,,
FRI,8:15 PM,22,TBD 2,Nebraska Lasers 16U,,,,,,
FRI,8:15 PM,23,Fencor Strothers,Full Package Whitefield,,,,,,
FRI,8:15 PM,24,Baltimore Lady Panthers 16U,Colorado Elite White,,,,,,
FRI,8:15 PM,25,Oklahoma Stars 16,Lakers Platinum,,,,,,
FRI,8:15 PM,26,New Jersey Sparks 14U,North Tartan 14U,,,,,,
FRI,8:15 PM,27,Capitol City Express Petersen,IL Hoops Dreams 16U White,,,,,,
FRI,8:15 PM,28,So-Minn Fury 2016,Illinois Press,,,,,,
FRI,8:15 PM,29,Indy Gym Rats Maroon,Wisconsin Playground Elite U16 ,,,,,,
FRI,8:15 PM,30,Always 100 Roller,Epiphany Prince Elite 14U,,,,,,
FRI,8:15 PM,31,DSO Elite,Lady Runnin’ Rebels Black Cranston,,,,,,
FRI,8:15 PM,32,DFW Elite Wonder Girls,Indy Gym Rats Tan,Make sure I didn't create a conflict for Indy Gym Rats Tan,,,,,
FRI,8:15 PM,33,Germantown Maryland Lady Panthers Lee 16U,Quad City Attack Black,,,,,,
FRI,8:15 PM,34,Michigan Shock,EJ Hoops U17 Blue,,,,,,
FRI,8:15 PM,35,Team Takeover 14U,DFW Elite Power Puff Girls,,,,,,
FRI,8:15 PM,36,Illinois Defenders 16U Black,Full Package Select,,,,,,
FRI,8:15 PM,37,Minnesota Stars Waters,Crossover Premier Platinum,,,,,,
FRI,8:15 PM,38,United NJ Carr-Carolina,Wisconsin Impact Averkamp,,,,,,
FRI,8:15 PM,39,Minnesota Stars Hofschild,Lady Speed 11th,,,,,,
FRI,8:15 PM,40,Minnesota Fury 2017 Blue,Jersey Cardinals Martinez,,,,,,
FRI,8:15 PM,41,O.M.S. ,Bolingbrook Panthers 14U,,,,,,
FRI,8:15 PM,42,NY Belles,Oshkosh Flight Elite - Levy,,,,,,
FRI,8:15 PM,43,KW Lightning U15,Flow 15U,,,,,,
FRI,8:15 PM,44,Clutch Players Lava,Arkansas Hawks 15U,,,,,,
FRI,8:15 PM,45,Lakers Purple 15U,IL Lady Lightning Bronze,,,,,,
FRI,8:15 PM,46,Central Jersey Hawks Martorelli,Wisconsin Impact 2018 Liebl,,,,,,
,,,,,,,,,,
SAT,9:00 AM,1,PSPA 16U Select - Coffield,HLC 16U,,,,,,
SAT,9:00 AM,2,Rockford Heat Select,ND Pro 15U Blue,,,,,,
SAT,9:00 AM,3,Midatlantic Heat 2,Kingdom Hoops Elite 16U,,,,,,
SAT,9:00 AM,4,Sting Elite of Massachusetts,South Texas Hoyas Blue,,,,,,
SAT,9:00 AM,5,Colorado Shine Gold,DFW Elite Wonder Girls,,,,,,
SAT,9:00 AM,6,Fencor Peeps,So-Minn Fury 2015,,,,,,
SAT,9:00 AM,7,Cardinal Crusaders,NY iExcel 16U,,,,,,
SAT,9:00 AM,8,Torch Showcase,Central Jersey Hawks,,,,,,
SAT,9:00 AM,9,Indy Gym Rats Blue,Lady Thunder,,,,,,
SAT,9:00 AM,10,Rush U17 Red,EJ Hoops U17 Black,,,,,,
SAT,9:00 AM,11,Alaska Lady Hoops 15,TeamXpress White 15U,,,,,,
SAT,9:00 AM,12,IL Lady Lightning Silver,Team Alberta U15,,,,,,
SAT,9:00 AM,13,Colorado Hoopsters Blue,Illinois Defenders 15U Black,,,,,,
SAT,9:00 AM,16,Colorado Hoopsters Black ,Austin Elite RFW,,,,,,
SAT,9:00 AM,17,ISAA 17U,MN Warriors Elite,,,,,,
SAT,9:00 AM,18,United NJ Osta - Navy,Wisconsin Playground Elite U17 ,,,,,,
SAT,9:00 AM,19,Springfield Predators Crum,Missouri Rockets,,,,,,
SAT,9:00 AM,20,Northern Blizzard 16U,KW Lightning Tri-County Juel,,,,,,
SAT,9:00 AM,21,Team Ontario 16U,805 Basketball,,,,,,
SAT,9:00 AM,22,Colorado Premier U17 National Red,Peak Performance National,,,,,,
SAT,9:00 AM,23,Philadelphia Belles 17U,Illinois Elite National,,,,,,
SAT,9:00 AM,24,Havoc City Elite,Team Miller Lightning 17U,,,,,,
SAT,9:00 AM,25,Arizona Team Ladyhawks,Illinois Rockets Crilly,,,,,,
SAT,9:00 AM,26,5280 Threat Blue,No Limits,,,,,,
SAT,9:00 AM,27,Drill for Skill Joyce,United NJ Gallo,,,,,,
SAT,9:00 AM,28,Rush U15,DC Heat 15U,,,,,,
SAT,9:00 AM,29,Backyard Training Academy,ND Pro 15U,,,,,,
SAT,9:00 AM,30,Illinois Wildcat Elite,United NJ Clarke,,,,,,
SAT,9:00 AM,31,North Tartan 15U,Team Takeover 15U,,,,,,
SAT,9:00 AM,32,New Jersey Panthers 16U White,Indy Gym Rats Tan,,,,,,
SAT,9:00 AM,33,Lady Vikes,Advantage Titans,,,,,,
SAT,9:00 AM,34,Lady Challengers,Tigers Black,,,,,,
SAT,9:00 AM,35,Lakers 8th Grade Elles,Illinois Defenders 14U Black,,,,,,
SAT,9:00 AM,36,Oklahoma Swarm 2017 Elite,NY Belles,,,,,,
SAT,9:00 AM,37,Lady B.I.G. D.O.G.S. 2016,Pink Panther Hoops,,,,,,
SAT,9:00 AM,38,Lady Meanstreets 16U,CBC 16U ,,,,,,
SAT,9:00 AM,39,Canada Drive 16U,Positive Direction 16U,,,,,,
SAT,9:00 AM,40,Cincy Shock 16U,PA Running Rebels 16U,,,,,,
SAT,9:00 AM,41,CBC 15/16U,Hoosier Premier White,,,,,,
SAT,9:00 AM,42,Purple Aces 17U,California Storm 17U Elite,,,,,,
SAT,9:00 AM,43,TeamXpress Blue 17U,Longmont Rush ,,,,,,
SAT,9:00 AM,44,Team Under Armour,5280 Threat 16U,,,,,,
SAT,9:00 AM,45,Bulls Elite Black,Minnesota Fury 2016 Gold,,,,,,
SAT,9:00 AM,46,Baltimore Starz,New Jersey Panthers 16U Blue,,,,,,
SAT,10:15 AM,1,Full Package Whitefield,Colorado Elite White,,,,,,
SAT,10:15 AM,2,Fencor Strothers,Lakers Platinum,,,,,,
SAT,10:15 AM,3,New England Shooting Stars,Rockies 17U Red,,,,,,
SAT,10:15 AM,4,South Texas Hoyas Gray,Wisconsin Impact 2017 Nikolic,,,,,,
SAT,10:15 AM,5,Blessed Sacrament,KW Lightning U13,,,,,,
SAT,10:15 AM,6,Midtown Lady Monarchs,Indy Gym Rats Purple,,,,,,
SAT,10:15 AM,7,Indy Gym Rats Green,Michigan Mystics Donnelley ,,,,,,
SAT,10:15 AM,8,Central Illinois Xpress,A PLUS Purple,,,,,,
SAT,10:15 AM,9,Albany Lady Stars Pink,Wisconsin RAP U15,,,,,,
SAT,10:15 AM,10,West Coast Premier Valley,Wisconsin RAP U17,,,,,,
SAT,10:15 AM,11,Oklahoma Swarm Team Adidas,Clutch Players Red,,,,,,
SAT,10:15 AM,12,Arkansas Hawks 17U Elite,Colorado Elite Blue,,,,,,
SAT,10:15 AM,13,Baltimore Lady Panthers 16U,Oklahoma Stars 16,,,,,,
SAT,10:15 AM,16,Crossover Select,Midwest Sports Academy,,,,,,
SAT,10:15 AM,17,So-Minn Fury 2017,Queens Express 15U,,,,,,
SAT,10:15 AM,18,Team Manitoba 15U,Illinois Defenders 15U Grey,,,,,,
SAT,10:15 AM,19,Minnesota Stars Waters,United NJ Carr-Carolina,,,,,,
SAT,10:15 AM,20,Full Package Select,Crossover Premier Platinum,,,,,,
SAT,10:15 AM,21,Texas United Blue,New Jersey Sparks 16U,,,,,,
SAT,10:15 AM,22,NJ Philly Belles Nike 16U,Texas United White,,,,,,
SAT,10:15 AM,23,Illinois Rockets Stone,WBA Lady Knicks Blanco,,,,,,
SAT,10:15 AM,24,Crossover Premier Elite,Midatlantic Heat 1,,,,,,
SAT,10:15 AM,25,Illinois Defenders 16U Black,Wisconsin Impact Averkamp,,,,,,
SAT,10:15 AM,26,Wisconsin Impact 2018 Thompson,DFW Elite Glamour Girls,,,,,,
SAT,10:15 AM,27,Bulls Elite Crimson,Midwest Elite 14U Weissmann,,,,,,
SAT,10:15 AM,28,Central Florida Elite 2016,DSO Elite,,,,,,
SAT,10:15 AM,29,Midwest Elite Weibel,Cardinal Elite,,,,,,
SAT,10:15 AM,30,North Tartan 13U West,Full Package 8th Black,,,,,,
SAT,10:15 AM,31,Minnesota Fury 2017 Blue,Indy Gym Rats Red,,,,,,
SAT,10:15 AM,32,Purple Aces 14U,North Tartan 14U Silver,,,,,,
SAT,10:15 AM,33,Team Manitoba 16U,Lady Runnin’ Rebels Black Cranston,,,,,,
SAT,10:15 AM,34,Comets McNichol,Peak Performance Black,,,,,,
SAT,10:15 AM,35,Indy Gym Rats Gold,AthElite U14,,,,,,
SAT,10:15 AM,36,IL Hoop Dreams 13U Johnson,Flow 14U,,,,,,
SAT,10:15 AM,37,Houston Lady Roadrunners,Minnesota Fury 2016 Blue,,,,,,
SAT,10:15 AM,38,Illinois Dream Team,Wisconsin Blizzard 16U Hawley,,,,,,
SAT,10:15 AM,39,Comets Shumoski,Nebraska Lasers 16U,,,,,,
SAT,10:15 AM,40,Greg Grant Basketball Club Team Canada,Legends of Wisconsin Silver 17,,,,,,
SAT,10:15 AM,41,Illinois Defenders 14U Grey,Colorado Elite Red 14U,,,,,,
SAT,10:15 AM,42,Virginia Diamonds,East Texas Premier,,,,,,
SAT,10:15 AM,43,Team Alberta U17,Legends of Wisconsin Blue 17,,,,,,
SAT,10:15 AM,44,Cal Swish Future National,Bolingbrook Panthers 15U,,,,,,
SAT,10:15 AM,45,Team Fusion Elect,Illinois Defenders 17U Grey,,,,,,
SAT,10:15 AM,46,The Family 17U,The Way to Win Gold,,,,,,
SAT,11:30 AM,1,Hudson Valley Elite Gold John,Peak Performance Gold,,,,,,
SAT,11:30 AM,2,Full Package Kahleaf,Legends of Wisconsin 16,,,,,,
SAT,11:30 AM,3,Kansas Hoopsters ,Always 100 Andrews,,,,,,
SAT,11:30 AM,4,Cincy Shock 15U,Purple Aces 15U,,,,,,
SAT,11:30 AM,5,O.M.S. ,Central Jersey Hawks Martorelli,,,,,,
SAT,11:30 AM,6,New Jersey Panthers 15U,HLC 15U ,,,,,,
SAT,11:30 AM,7,Wisconsin Hoops Select Girls Whitish ,AthElite U15,,,,,,
SAT,11:30 AM,8,MBA Select 15U,Midwest Wildcats Devries,,,,,,
SAT,11:30 AM,9,QLD Kangaroos,Cal Stars Flight 2016,,,,,,
SAT,11:30 AM,10,New England Crusaders Leary,Lady Runnin’ Rebels White McDonough,,,,,,
SAT,11:30 AM,11,Team Carolina,Hurricanes Dalles,,,,,,
SAT,11:30 AM,12,Capitol City Express Cool/Doneth,Cardinal Junior Elite,,,,,,
SAT,11:30 AM,13,Always 100 Elite 2017,Wisconsin Playground Elite U15 ,,,,,,
SAT,11:30 AM,16,C-U Elite,Arkansas Lady Hawks,,,,,,
SAT,11:30 AM,17,Legends of Wisconsin 15,Positive Direction 15U,,,,,,
SAT,11:30 AM,18,NO GAME,NO GAME,,,,,,
SAT,11:30 AM,19,Queens Express 16U,Metro Hoops 16U,,,,,,
SAT,11:30 AM,20,IL Hoops Dreams 16U Black,North Texas Shockers Shields,,,,,,
SAT,11:30 AM,21,NO GAME,NO GAME,,,,,,
SAT,11:30 AM,22,Boston Showstoppers,Indiana Top Recruit Diamonds Select,,,,,,
SAT,11:30 AM,23,Erie Saints Chuzie,Minnesota Fury 2015 Gold,,,,,,
SAT,11:30 AM,24,A Game TDOT,Full Package 17U Truding,,,,,,
SAT,11:30 AM,25,Best Choice Indiana,Illinois Rage,,,,,,
SAT,11:30 AM,26,Always 100 Roller,Team Takeover 14U,,,,,,
SAT,11:30 AM,27,Comets Genther,South Dakota Attack 15U,,,,,,
SAT,11:30 AM,28,Quad City Attack Fr/So,Team Miller Lightning 16U,,,,,,
SAT,11:30 AM,29,Seidman Lady Wildcats,Arkansas Hawks 16U,,,,,,
SAT,11:30 AM,30,North Tartan 14U,Epiphany Prince Elite 14U,,,,,,
SAT,11:30 AM,31,New Jersey Sparks 15U,New England Crusaders Dorsey,,,,,,
SAT,11:30 AM,32,Full Package White,Wisconsin Impact 2018 Liebl,,,,,,
SAT,11:30 AM,33,Lady Runnin’ Rebels Wrice,ND Pro Blue 17U,,,,,,
SAT,11:30 AM,34,Quad City Attack Lime,Columbia Cascades,,,,,,
SAT,11:30 AM,35,New Jersey Sparks 14U,DFW Elite Power Puff Girls,,,,,,
SAT,11:30 AM,36,Metro Hoops 15U,Team Miller Lightning 15U,,,,,,
SAT,11:30 AM,37,Hoosier Premier Black,Columbia Ravens,,,,,,
SAT,11:30 AM,38,DC Heat 17U,Eastern Ohio All Stars,,,,,,
SAT,11:30 AM,39,Rockford Heat Elite,CBC 17U Select,,,,,,
SAT,11:30 AM,40,Kingdom Hoops Red,NSE Lady Titans,,,,,,
SAT,11:30 AM,41,MN Thunderbirds 2018,Bolingbrook Panthers 14U,,,,,,
SAT,11:30 AM,42,KW Lightning U15,IL Lady Lightning Bronze,,,,,,
SAT,11:30 AM,43,Lakers Gold U15 Freshman,NY iEXCEL 15U,,,,,,
SAT,11:30 AM,44,OTCYBC Shot Callers,Illinois Defenders 17U Black,,,,,,
SAT,11:30 AM,45,Tiger Basketball,Toronto Triple Threat 17U ,,,,,,
SAT,11:30 AM,46,Drill for Skill Miller,Michigan Sting Elite,,,,,,
SAT,12:45 PM,1,New Mexico Select,Gateway Basketball Club 17U,,,,,,
SAT,12:45 PM,2,NY Belles 17U,Wisconsin Impact Sid,,,,,,
SAT,12:45 PM,3,United NJ Osta - White,MBA Select 17U,Make sure I didn't screw up United NJ's request,,,,,
SAT,12:45 PM,4,Nebraska Lasers 17U,Missouri Warriors,,,,,,
SAT,12:45 PM,5,Wisconsin Hoops Select Girls Banasik,Oklahoma Stars 14,,,,,,
SAT,12:45 PM,6,Bulls Elite Silver,Rush U14,,,,,,
SAT,12:45 PM,7,Full Package Daniel,St. Louis Rockets 15U,,,,,,
SAT,12:45 PM,8,Wisconsin Impact 2017 Mattson,Minnesota Fury 2017 Gold,,,,,,
SAT,12:45 PM,9,Peak Performance Blue,Valhalla,,,,,,
SAT,12:45 PM,10,New York City Heat White,MBA Select 16U,,,,,,
SAT,12:45 PM,11,Basketball Results,Toronto Matrix Elite,,,,,,
SAT,12:45 PM,12,Illinois Hustle 16U,Lady Runnin’ Rebels Tartaglia Red,,,,,,
SAT,12:45 PM,13,Hoop Ed Elite,Tennessee Extreme,,,,,,
SAT,12:45 PM,16,BC Denver Golden,Oklahoma Showcase Jim ,,,,,,
SAT,12:45 PM,17,Lady Runnin' Rebels Blatt White,MN Comets 11th Elite Peterson,,,,,,
SAT,12:45 PM,18,Jersey Cardinals Coyle,Wisconsin Impact Spoo,,,,,,
SAT,12:45 PM,19,Katy Rebels Goss 2016,A PLUS Black,,,,,,
SAT,12:45 PM,20,Purple Aces 16U,Colorado Lady Hawks,,,,,,
SAT,12:45 PM,21,ISAA 16U,QC Ballers,,,,,,
SAT,12:45 PM,22,So-Minn Fury 2016,Indy Gym Rats Maroon,,,,,,
SAT,12:45 PM,23,IL Hoops Dreams 16U White,Illinois Press,,,,,,
SAT,12:45 PM,24,Capitol City Express Petersen,Wisconsin Playground Elite U16 ,,,,,,
SAT,12:45 PM,25,St. Louis Rockets 17U,Team Fort Worth Elite,,,,,,
SAT,12:45 PM,26,North Tartan 13U,Team Memphis Elite Burton,,,,,,
SAT,12:45 PM,27,MN Metro Stars Finley ,Oshkosh Flight Elite - Levy,,,,,,
SAT,12:45 PM,28,Greg Grant Basketball Club Fuerst,MN Thunderbirds 2017,,,,,,
SAT,12:45 PM,29,Bolingbrook Panthers 16U,BC Denver Stovall,,,,,,
SAT,12:45 PM,30,Alaska Lady Hoops 14,MN Metro Stars Soule,,,,,,
SAT,12:45 PM,31,Erie Saints Laird,Austin Elite Black,,,,,,
SAT,12:45 PM,32,Illinois Pizazz 14U White,Oshkosh Flight Elite - Levy,,,,,,
SAT,12:45 PM,33,Long Islands Renegades Elite,M33M Let it Fly,,,,,,
SAT,12:45 PM,34,Jr. Rams U17,Wisconsin Blizzard - Magic,,,,,,
SAT,12:45 PM,35,CBC 14U Elite,Kingdom Hoops Elite ,,,,,,
SAT,12:45 PM,36,Albany Capitals U15,Michigan Sting 15U,,,,,,
SAT,12:45 PM,37,Illinois Hustle 15U,Wisconsin Blizzard 15U Moen,,,,,,
SAT,12:45 PM,38,Illinois Rockets Rufus,Rockies 15U Black,,,,,,
SAT,12:45 PM,39,Team Swish El Paso,Lady Meanstreets 17U,,,,,,
SAT,12:45 PM,40,Hudson Valley Elite White JR,Primetime Gold,,,,,,
SAT,12:45 PM,41,Tigers Orange,IL Hoop Dreams Collins,,,,,,
SAT,12:45 PM,42,NY iEXCEL 17U,Team Wisconsin Select Gray,,,,,,
SAT,12:45 PM,43,Indy Gym Rats Pink,Rockford Heat Sophomore,,,,,,
SAT,12:45 PM,44,Midwest Elite 15U Yates,Team Ontario 15U,,,,,,
SAT,12:45 PM,45,Michigan Fast Break,Memphis Lady All Stars,,,,,,
SAT,12:45 PM,46,Team Wisconsin Select White,Nebraska Lasers 15U,,,,,,
SAT,2:00 PM,1,Philadelphia Belles 2016,North Texas Shockers 2016,,,,,,
SAT,2:00 PM,2,Illinois Pizazz 17U Green,Xpress Hoops,,,,,,
SAT,2:00 PM,3,WBA Lady Knicks Fioretti,Celtics 16U,,,,,,
SAT,2:00 PM,4,TeamXpress Black 17U,Lakers White U17,,,,,,
SAT,2:00 PM,5,Cal Stars Flight 2017,Jersey Cardinals Martinez,,,,,,
SAT,2:00 PM,6,Epiphany Prince Elite 15U,Michigan Crossover 2016,,,,,,
SAT,2:00 PM,7,Germantown Maryland Lady Panthers Gillespie,Minnesota Stars Hersch,,,,,,
SAT,2:00 PM,8,Stamford Peace,Oshkosh Flight Brandl,,,,,,
SAT,2:00 PM,9,Chicago Gauchos,Portage Swift,,,,,,
SAT,2:00 PM,10,Team Alberta U16,Lady Speed 9/10,,,,,,
SAT,2:00 PM,11,Always 100 Elite Buck,MN Metro Stars Reiter,,,,,,
SAT,2:00 PM,12,Rockies 17U Black,Central Jersey Hawks Chambers,,,,,,
SAT,2:00 PM,13,Kingdom Hoops Elite 17U,South Dakota Attack 17U,,,,,,
SAT,2:00 PM,16,California Storm Knights,A Game Ryann Fletcher,,,,,,
SAT,2:00 PM,17,IL Lady Lightning Platinum,Team Memphis Elite Williams,,,,,,
SAT,2:00 PM,18,Clutch Players Lava,Lakers Purple 15U,,,,,,
SAT,2:00 PM,19,Michigan Shock,Minnesota Stars Hofschild,,,,,,
SAT,2:00 PM,20,Quad City Attack Black,EJ Hoops U17 Blue,,,,,,
SAT,2:00 PM,21,Germantown Maryland Lady Panthers Lee 16U,Lady Speed 11th,,,,,,
SAT,2:00 PM,22,Charlotte Monarchs,Vogues - 16 National - Priester,,,,,,
SAT,2:00 PM,23,Rush U17 White,Albany Lady Stars 17U Black,,,,,,
SAT,2:00 PM,24,Vegas Bulldogs,Midwest Wildcats Mellon,,,,,,
SAT,2:00 PM,25,IL Lady Lightning Gold,Cal Stars Nike Flight,,,,,,
SAT,2:00 PM,26,Cincy Shock 14U,PA Running Rebels 14U,,,,,,
SAT,2:00 PM,27,Michigan Mystics Ruhstorfer ,North Tartan 15U Silver,,,,,,
SAT,2:00 PM,28,San Diego Sol,Team Manitoba 17U,,,,,,
SAT,2:00 PM,29,Comets Shields,Greg Grant Basketball Club Chriss,,,,,,
SAT,2:00 PM,30,Heart of Illinois 14U,Metro Hoops 14U,,,,,,
SAT,2:00 PM,31,Albany Capitals Elite,Bolingbrook Panthers 17U,,,,,,
SAT,2:00 PM,32,Hoosier Premier Red,Team Wisconsin Select Black,,,,,,
SAT,2:00 PM,33,Lady Warriors,Crossover Premier,,,,,,
SAT,2:00 PM,34,Spokane Sandpipers,CBC 17U Elite,,,,,,
SAT,2:00 PM,35,ND Pro 14U,Illinois Rockets Hotwagner,,,,,,
SAT,2:00 PM,36,Canada Drive 17U,Lakers Black U17,,,,,,
SAT,2:00 PM,37,FURY 2015 Haney,Bulls Elite Onyx,,,,,,
SAT,2:00 PM,38,A Game Kendra Seto,Wisconsin Hoops Select Girls Staples,,,,,,
SAT,2:00 PM,39,Always 100 Goodwell,Illinois Rockets Ondik,,,,,,
SAT,2:00 PM,40,ECBA Swish Black 17U Elite,Oklahoma Showcase Elite,,,,,,
SAT,2:00 PM,41,Wisconsin Blizzard 17U Biddick,St. Louis Warriors,,,,,,
SAT,2:00 PM,42,DFW Elite Super Girls,Hudson Valley Elite Blue Reilly,,,,,,
SAT,2:00 PM,43,Minnesota Fury 2015 Elite,Alaska Lady Hoops 17 Elite,,,,,,
SAT,2:00 PM,44,Flow 15U,Arkansas Hawks 15U,,,,,,
SAT,2:00 PM,45,CT Spirit,Team Fury Select U17,,,,,,
